76481133,56.2995677,43.8757591
244888042,56.3738682,43.836145
258429977,56.2717866,44.0875016
259098168,56.3153834,44.0699247
259255597,56.2907236,44.052662
259256114,56.2930935,44.0542805
259256141,56.2881825,44.0546383
260750686,56.2245292,44.0961539
260750694,56.2153354,44.1054662
260750936,56.3735764,43.8115088
260750939,56.3786573,43.7858973
260751093,56.1716535,43.8054264
260751188,56.267194,43.7968535
260751281,56.3412813,43.8200454
260751292,56.3375443,43.8023402
260751612,56.251646,43.9812115
260751759,56.2416048,43.8638224
260751804,56.321421,43.9462766
262189437,56.2056265,43.7771888
262189572,56.3509084,43.8037722
262189573,56.3505158,43.8034025
304927473,56.2722499,43.9383284
304927497,56.2754952,43.9505452
304927829,56.3373588,43.8868463
312345919,56.3248747,43.9793183
313117654,56.2238313,43.7386969
323840262,56.3197381,44.0555554
323845682,56.309833,44.0758959
324688711,56.3085422,43.9826755
324712032,56.3304549,44.022908
324730258,56.3266686,44.0052821
350374903,56.2360046,43.8371247
350379195,56.2341281,43.8274461
350433863,56.2360743,43.8295706
350441569,56.2599168,43.8567053
350448963,56.2411338,43.8969403
351129987,56.2321538,43.8461642
352973166,56.2663339,43.8616008
355881987,56.2580919,43.9995837
355881990,56.2612635,43.9734703
359142331,56.2424136,43.8646735
359143737,56.2623914,43.9079764
359143826,56.2809472,43.8966148
366523917,56.2571393,43.9026405
412408884,56.2815628,43.9807612
412408915,56.2818011,43.9803105
412444421,56.2959113,44.033177
412444422,56.2952234,44.0340351
412444423,56.2991588,44.0766815
412446611,56.2777894,43.9787647
414965799,56.2971656,43.9508516
416660544,56.2737092,44.0104836
417226162,56.3085322,44.0439037
417228544,56.3127103,44.0333539
417228636,56.3106451,44.0380222
417228666,56.3127847,44.0334583
426956743,56.3083827,44.0439626
426965203,56.3018482,44.081587
428611089,56.302133,43.8794608
431510053,56.2816719,44.0517726
441519472,56.2375024,43.838258
441519526,56.2352977,43.8369115
442018444,56.3332764,43.8948583
442018445,56.3261878,43.9113027
442018446,56.3205583,43.9267525
442018450,56.3209948,43.9470879
442018457,56.3105914,43.9371885
442018464,56.2990741,43.9381541
442018465,56.2851552,43.9277795
442018466,56.2764656,43.9212993
442018468,56.2665054,43.9132416
442018470,56.2573999,43.9017276
442018471,56.2528941,43.8901535
442018472,56.2476843,43.8767833
442018474,56.2421119,43.858041
454203425,56.2838441,43.9266629
455344124,56.2769598,43.935145
455345080,56.2807176,43.9379523
455345263,56.2811394,43.9379635
457408258,56.3632365,43.79354
473275695,56.3240365,43.9522106
479365659,56.3246773,43.9591438
479501580,56.324495,43.9938702
479574566,56.3093628,44.0176965
479701228,56.3199188,44.0547127
479708755,56.2987772,44.0777542
479708762,56.2946488,44.0737558
481460775,56.2978354,43.9372931
485110070,56.3066129,43.979532
485143434,56.296442,43.943115
485143566,56.2889951,43.9406426
492643387,56.2305577,43.9459283
492643400,56.2306516,43.9454669
492661018,56.317834,44.0149957
492661021,56.3182922,44.0145269
492701676,56.324009,43.9582298
492721449,56.3130536,44.0067759
492721461,56.3102498,43.9991697
492721468,56.3104523,43.998894
492721484,56.3085136,43.9894433
492721495,56.3080834,43.988972
494267138,56.2618573,43.9740181
494267149,56.2669722,43.975399
494267156,56.2715091,43.9765676
494610788,56.3117244,43.9301011
494610795,56.3053575,43.919226
494611434,56.2834065,43.8949591
494611463,56.2828821,43.8947505
494662611,56.2653131,43.9209634
494714219,56.3321076,43.9026917
494714263,56.3495604,43.8437692
494714317,56.333674,43.866697
494775817,56.3264706,44.0082178
494775820,56.3264529,44.0063497
494777788,56.3117758,43.9885645
494777789,56.3122457,43.9894971
494778690,56.2984039,43.9837147
494778693,56.2994218,43.9843481
494778697,56.2720298,43.9765429
494778700,56.2713653,43.9760136
497303211,56.3298815,44.0259575
501920287,56.3136359,43.9448476
502028561,56.2932282,44.0542236
503202693,56.3257971,43.9143671
503208167,56.3302247,43.9142093
503653921,56.3225393,44.0337179
506704913,56.3126814,44.006399
506704916,56.3072931,43.9855792
506704917,56.3056763,43.9809706
506704919,56.3043749,43.9842552
514682968,56.2462324,44.007197
514682983,56.2456141,44.0075799
534922504,56.2150126,43.9213622
534922516,56.2302938,43.9450635
534922520,56.1846987,43.8186933
534922524,56.203103,43.8619459
534922528,56.2065924,43.8773212
534922531,56.2068645,43.8776903
534922533,56.2117357,43.8934155
534922537,56.179674,43.7842682
534922539,56.1795247,43.7847188
534922540,56.1821265,43.7975298
534922543,56.1823731,43.7977756
534922545,56.1848492,43.8181775
538158182,56.2963955,44.0341015
547661127,56.3271499,44.0059921
548660306,56.3281679,44.0079791
550421013,56.3217949,43.9477005
552221899,56.2570511,43.9028129
553081553,56.3084938,44.0234055
553081561,56.3078822,44.0234594
553081569,56.3108976,44.0211499
553081579,56.3103073,44.0212297
553494294,56.2721218,43.9384245
553502562,56.273701,44.0103722
554992595,56.2234879,43.7412188
558615934,56.243481,43.9667947
558615935,56.2439675,43.9667947
561142569,56.2916502,43.9813703
561142577,56.2915206,43.9835189
561142586,56.2907917,43.9979192
561145982,56.2996201,44.0321011
561145983,56.3005121,44.0336215
563346473,56.2001987,43.8057375
563346481,56.2000823,43.8059387
563390004,56.215724,44.1054402
565557466,56.2561792,43.9704852
565557763,56.2561604,43.9706419
565563529,56.2543425,43.9695366
565563548,56.2537688,43.9698147
565601129,56.1990929,44.0205566
566427146,56.3390608,43.883332
566474573,56.2646229,43.7576118
568723665,56.3137638,43.9940914
569850622,56.2264261,44.0725704
573392043,56.3521547,43.8737993
585224518,56.2789008,43.8345461
585224532,56.2861844,43.8533158
585224557,56.2954917,43.8773009
598728340,56.2047703,44.1158261
600120328,56.3436438,43.9307131
600120329,56.3434913,43.9304739
601255283,56.2907787,44.0525596
601255284,56.2902372,44.0487848
601255285,56.2900314,44.051124
601255286,56.2900301,44.0446727
601255287,56.2911511,44.0431183
601255288,56.2821758,44.0529738
601255289,56.282445,44.052751
601255290,56.2892901,44.0534865
601255291,56.2881311,44.0544777
601255292,56.2908073,44.0529104
601255293,56.2835087,44.0371697
601255294,56.2827046,44.0430638
601255295,56.283057,44.0477157
601255296,56.2832206,44.0404885
601255297,56.2834736,44.0417395
601255299,56.2917775,44.0355765
601255300,56.2920948,44.0358841
601255301,56.2879576,44.0357299
601255302,56.2874503,44.0363199
601255303,56.2831366,44.0373402
601255304,56.3001135,44.0606116
601255305,56.3025965,44.0428276
601255306,56.3023342,44.0409928
601255307,56.3012563,44.0362258
601255308,56.2998737,44.0677792
601255309,56.2995523,44.0684365
601255310,56.3004047,44.0600284
601255311,56.2974947,44.0680558
601257951,56.2960335,44.0501036
601257952,56.296687,44.0457165
601257953,56.2977647,44.0431576
601257954,56.297195,44.0379183
601257955,56.2971904,44.0352697
601257956,56.2931005,44.0544194
601257957,56.2931951,44.0540377
601257958,56.2961983,44.0502177
601261029,56.3178336,44.0235542
601261030,56.3176616,44.0234233
601261031,56.3215664,44.0404697
601261032,56.3143305,44.0174048
601261033,56.3150863,44.0170642
601261034,56.3033583,44.0283357
601261035,56.3041143,44.0279224
601261036,56.2955081,44.0371295
601262222,56.3131726,44.0279838
601262223,56.3132117,44.0276911
601262224,56.3126711,44.0332929
601262225,56.3104228,44.0381992
601268231,56.2941115,44.0221986
601268232,56.2942192,44.0210984
601268233,56.2947404,44.024919
601268234,56.2946123,44.0261414
601268235,56.2925772,44.0093441
601268236,56.2923466,44.0095788
601268237,56.2931329,44.0130009
601268238,56.2931078,44.0150902
601268240,56.2908873,43.9907143
601268241,56.2907695,43.994584
601268242,56.2902093,43.9952828
601268243,56.2916125,44.0018126
601268244,56.2916842,44.004638
601268245,56.2993689,44.0066011
601268246,56.2999011,44.0111014
601268248,56.291132,43.9904364
601268249,56.2985193,43.9913558
601268250,56.2983794,43.9912569
601268251,56.298384,43.9978931
601268252,56.2985195,43.998121
601268253,56.2992194,44.006436
601268254,56.2956566,43.9830516
601268255,56.2957811,43.9836771
601268256,56.291718,43.9841153
601268257,56.2908808,43.9819493
601268260,56.3124486,43.9860559
601268261,56.3038009,43.9848408
601268262,56.3149419,43.9912137
601268265,56.3230318,44.0101823
601278571,56.2630053,43.9998156
601278572,56.2593115,44.003603
601278573,56.2598127,43.9905579
601278574,56.259769,43.9902852
601278575,56.260653,43.9838783
601278576,56.27952,43.9909588
601278577,56.2794643,43.9911283
601278578,56.2751178,43.9896202
601278579,56.2754042,43.989654
601278580,56.2705675,43.9934289
601278581,56.2850233,43.9938381
601278582,56.2850019,43.9940806
601278583,56.2817507,43.9928688
601278604,56.2846886,43.9940201
601280663,56.2784656,43.9796951
601280664,56.2854014,43.9808927
601280665,56.2861381,43.9814661
601280666,56.2669738,43.9753549
601280667,56.2663962,43.9747911
601280668,56.2613875,43.9747276
601280669,56.2618561,43.9739443
601280670,56.2612696,43.9733284
601295459,56.2362366,43.9541933
601295461,56.2370052,43.9560346
601295466,56.2331592,43.9495162
601295469,56.2336844,43.9509532
601295476,56.2459726,43.9654371
601295480,56.2450485,43.9656088
601295482,56.2400738,43.9608245
601295485,56.2402856,43.9618114
601295502,56.2492451,43.9675158
601295504,56.2491631,43.9669638
601302802,56.3221595,43.9475068
601354393,56.3132851,43.8572508
601354394,56.3129876,43.8502449
601354396,56.3127614,43.8506526
601354397,56.3125579,43.8398754
601354398,56.3124232,43.8413947
601354403,56.3135241,43.8623357
601354405,56.3130858,43.8586
601363628,56.3452133,43.925801
601363629,56.3447277,43.9266653
601363630,56.3404696,43.9310406
601363632,56.340617,43.9301677
601363635,56.3368864,43.92696
601363636,56.3361303,43.9276107
601363637,56.3385028,43.9237629
601363638,56.3402246,43.9238385
601363641,56.3318654,43.9473518
601363642,56.331568,43.9394741
601363643,56.3311636,43.9399033
601363645,56.3334535,43.9310654
601363646,56.3339828,43.9310117
601363648,56.3272816,43.9511302
601363649,56.327511,43.9514248
601363650,56.3308245,43.9437147
601363652,56.3304353,43.9439936
601363653,56.3321152,43.9473276
601487519,56.3258041,43.9144382
603069377,56.3826593,43.7615246
603069378,56.3299368,43.8354526
603069379,56.3086443,43.877441
603069382,56.3443275,43.8353388
603148159,56.2424939,43.9739802
603148160,56.2417308,43.9808142
603148161,56.2413871,43.981356
603577665,56.3301648,43.9141208
603577666,56.330831,43.9173073
603577668,56.3315982,43.9174038
603577669,56.3365675,43.9202258
603577670,56.3367766,43.9207832
603577672,56.3258427,43.9137633
603577673,56.3305811,43.9134985
603593292,56.3310149,43.8795016
603593295,56.3268391,43.8777635
603593302,56.3243644,43.8816366
603593303,56.3316147,43.8847129
603593304,56.3351096,43.8861352
603593319,56.3386699,43.8827681
603593323,56.3378604,43.8875257
603593326,56.3368197,43.8821194
603625057,56.3188519,43.8908541
603625060,56.3224479,43.8841733
603625063,56.3221731,43.8839923
603625064,56.326679,43.8760663
603625066,56.32639,43.8754291
603625070,56.3155772,43.8975952
603625072,56.3159683,43.8975556
603625075,56.3189674,43.8913136
603692607,56.3203834,43.8691124
603692610,56.3263589,43.86787
603692611,56.3261642,43.8683072
603692612,56.3158769,43.8693001
603692615,56.3204247,43.8696075
603778927,56.3323876,43.8591501
603778935,56.3329373,43.8573745
603778957,56.3251551,43.8680056
603779083,56.331542,43.8605602
603884664,56.33632,43.8473279
603884677,56.3353832,43.8487323
603884691,56.3635327,43.8146386
603929967,56.3210918,44.0127298
604009270,56.3164343,43.9455247
604009275,56.3136961,43.9462913
604009279,56.3167247,43.9472231
604009284,56.3136411,43.9448257
610534265,56.2775504,43.9225532
610534267,56.2758511,43.9207647
610534270,56.2722542,43.9185749
610534273,56.271284,43.9173183
610534274,56.27136,43.9186598
610534275,56.2899138,43.9317562
610534276,56.2855641,43.928557
610534277,56.281179,43.9247442
610534278,56.2813383,43.9253581
610534281,56.2983922,43.9379612
610534282,56.2941265,43.9348726
610534283,56.2939472,43.9343049
610534284,56.289759,43.9311083
610534285,56.305363,43.9430214
610534286,56.3047145,43.942246
610534287,56.3023096,43.9408404
610534288,56.3018757,43.9402511
610534289,56.2978613,43.9371848
610534292,56.3091694,43.9443959
610534293,56.3086389,43.9446017
610534296,56.3110399,43.9449578
610534297,56.3110823,43.945365
610563259,56.2460928,43.8742516
610563262,56.2436171,43.8683811
610563265,56.2440463,43.8688839
610563267,56.241528,43.864016
610563268,56.2400396,43.8642899
610563273,55.9981277411,44.31259417455
610563274,56.2523806,43.8898218
610563277,56.2488834,43.881913
610563278,56.248701,43.8803904
610563280,56.246804,43.8765716
610563286,56.2655889,43.9120698
610563290,56.2666292,43.9111408
610563293,56.2665157,43.9099016
610563298,56.2576874,43.9025873
610563307,56.2660201,43.913317
610644515,56.2190837,43.8440717
610644516,56.2213723,43.849186
610644518,56.2160136,43.8335163
610644520,56.2159788,43.8341123
610644521,56.2135659,43.82643
610644531,56.2267124,43.8631818
610644532,56.2264416,43.861841
610644534,56.2242194,43.85687
610644538,56.2240947,43.8558658
610644543,56.2181594,43.8404684
610644550,56.2311614,43.8739857
610644553,56.2301476,43.8719794
610644555,56.229933,43.8708588
610644556,56.2280581,43.8660328
610644557,56.2284062,43.8675055
610644559,56.2368452,43.8689103
610644560,56.2365024,43.8688997
610644561,56.2336377,43.873004
610644562,56.2330931,43.873235
610644563,56.232036,43.8750026
610989611,56.2333263,43.8562693
610989627,56.2301683,43.849223
610989635,56.2308612,43.8499924
610989642,56.2284305,43.8437686
610989652,56.2281724,43.844056
610989678,56.2370151,43.8666731
610989683,56.2374146,43.8666972
610989687,56.2351962,43.8620439
610989691,56.2355684,43.8620798
610989695,56.2331452,43.8568991
611025537,56.2297857,43.8311538
611025539,56.2278011,43.8291117
611025540,56.2278914,43.8294729
611025542,56.225608,43.8281961
611025544,56.2256076,43.8279605
611025551,56.2329552,43.8352853
611025553,56.2327783,43.8369274
611025554,56.2308615,43.8324991
611035155,56.2309379,43.8203698
611035156,56.2269538,43.8248898
611035157,56.2271714,43.8243634
611035158,56.2302681,43.8214024
611243539,56.2358321,43.8373452
611243541,56.2428598,43.849071
611259095,56.2638825,43.9029727
611259096,56.2635312,43.9030669
611259097,56.2625182,43.8974622
611259098,56.2621528,43.897361
615035944,56.2968302,43.9400663
615035945,56.2995335,43.9435876
615035946,56.2978187,43.9457268
616894092,56.3399645,43.9253694
616894098,56.3400149,43.9266136
616894103,56.3377859,43.9375637
616894109,56.3373085,43.9379752
616894114,56.3358737,43.9412931
616894132,56.3430588,43.9305401
616894137,56.3429203,43.9308869
616908865,56.3039056,43.9153488
616908868,56.3034797,43.916407
616908871,56.2992318,43.9256497
616908873,56.2980759,43.9268468
616908874,56.296328,43.9323731
616908884,56.3096451,43.9001216
616908887,56.3098467,43.900492
616936258,56.26494,43.9206731
616936259,56.2614827,43.9262869
616936260,56.2615379,43.9271611
616936261,56.2589203,43.9320005
616936262,56.257931,43.9330112
616936263,56.2761191,43.9044873
616936264,56.2753346,43.9049205
616936265,56.2719092,43.9097644
616936266,56.2714843,43.9096002
616936267,56.2647084,43.9203259
616936268,56.2853286,43.8896559
616936269,56.2827732,43.8949578
616936270,56.2820286,43.895884
616936271,56.2785296,43.9014567
616936272,56.2775656,43.9019185
616936273,56.299086,43.875728
616936274,56.2996212,43.8759189
616936275,56.292828,43.8833913
616936276,56.2928619,43.884038
616936277,56.2863299,43.8895856
616936278,56.3085515,43.8702
616936279,56.3087213,43.8696503
616936280,56.3047233,43.8716738
616936283,56.3017692,43.8741524
616936287,56.3016403,43.8735957
616944185,56.2590791,43.845744
616944186,56.258147,43.8495468
616944187,56.2583236,43.8497862
616944188,56.2576876,43.8547868
616944189,56.2578339,43.8545665
616944190,56.2649041,43.852788
616944191,56.2650917,43.8547419
616944192,56.2630505,43.8474891
616944193,56.2632867,43.8481319
616944194,56.259546,43.8462427
616944195,56.2596115,43.8660766
616944196,56.2628915,43.8619245
616944197,56.2623771,43.8622329
616944198,56.2649061,43.8583977
616944199,56.2649572,43.8587997
616944200,56.2611698,43.8776321
616944201,56.2612844,43.8785423
616944202,56.2588073,43.8716211
616944203,56.2591261,43.87299
616944204,56.2578322,43.8679535
616944205,56.2672342,43.8914993
616944206,56.2664092,43.8910227
616944207,56.2660833,43.8909969
616944208,56.263398,43.8834703
616944209,56.2633649,43.8838939
616944210,56.2644627,43.8949524
616944211,56.2642316,43.8946747
616949419,56.2684664,43.8814912
616949420,56.2700479,43.8846961
616949421,56.2700467,43.8854082
616949422,56.2696922,43.888451
616949423,56.268807,43.8889016
616949424,56.2600301,43.8572127
616949425,56.2604479,43.8605858
616949426,56.2668779,43.8774314
616949427,56.267122,43.8772089
616949428,56.2685447,43.8810175
616950360,56.2743092,43.8881807
616950361,56.2744167,43.8882915
616950362,56.2773645,43.8842979
616954233,56.2481256,43.8648609
616954234,56.2452717,43.8644745
616954235,56.2446235,43.8639561
616954236,56.2447621,43.8649649
616954237,56.244716,43.8672205
616954238,56.2569149,43.8679424
616954239,56.2558247,43.8671556
616954240,56.2522267,43.866515
616954241,56.2515568,43.8659755
616954242,56.2488524,43.8655675
616954245,56.2568779,43.8682424
616956642,56.2431779,43.8639158
616956647,56.2426761,43.8632256
616964344,56.246577,43.8499149
616964345,56.2477119,43.8373264
616964346,56.247017,43.8451281
616964347,56.2482688,43.8311542
616964348,56.2453241,43.8602923
616964349,56.2454062,43.857966
616972579,56.2445557,43.8313308
616972580,56.2440305,43.8372569
616981102,56.2458984,43.850773
616981109,56.2466174,43.8507904
616981120,56.256756,43.8531303
616981131,56.2528761,43.8547933
616984652,56.2358029,43.8761405
617005728,56.2929803,43.9522205
617005729,56.2932312,43.9526135
617005730,56.2965987,43.9514839
617005731,56.2971645,43.9506429
617005732,56.2826428,43.9531808
617005733,56.2830273,43.9523441
617005734,56.2852069,43.9515718
617005735,56.2853556,43.9516974
617005736,56.2879692,43.95321
617005737,56.2732888,43.942583
617005738,56.2748371,43.9499834
617005739,56.2754765,43.9506905
617005740,56.2788786,43.9520323
617005741,56.2792028,43.9517964
617005742,56.2739206,43.9369045
617005743,56.2737272,43.9373893
617005744,56.2723033,43.9385324
617005745,56.2732235,43.9419257
617013299,56.2851307,43.9226265
617013300,56.2872222,43.9137401
617013301,56.2862562,43.9176664
617013302,56.2930765,43.9104438
617013303,56.2898869,43.9047073
617013304,56.2839451,43.9279177
617013305,56.2844594,43.9264522
617013960,56.292064,43.9161953
617013961,56.2897399,43.9157282
617015667,56.2826025,43.9303445
617015671,56.2813972,43.9309088
617015673,56.277535,43.934022
617015674,56.2771906,43.934597
617038177,56.3438926,43.8382656
617038178,56.3426142,43.8333529
617038179,56.3425547,43.8325042
617038180,56.3412343,43.8260466
617038181,56.3413645,43.8254808
617038182,56.3479119,43.8472886
617038184,56.3456942,43.8423758
617038185,56.3450758,43.8419349
617038186,56.3441046,43.8384174
617038187,56.3493472,43.8642866
617038188,56.3491538,43.8647828
617038190,56.3485956,43.8531905
617038191,56.3487918,43.8519664
617038192,56.3478049,43.8465912
617041387,56.3696702,43.8217429
617041388,56.3695989,43.8212053
617041389,56.3674657,43.8158205
617041390,56.3674538,43.8153689
617041391,56.3674191,43.8147779
617045959,56.3589791,43.857501
617045960,56.3578247,43.8523415
617045961,56.3581411,43.8529842
617045963,56.3596325,43.8487396
617045964,56.3598112,43.848006
617045971,56.3590328,43.8570846
617051131,56.2928914,43.8485314
617051136,56.289865,43.8490489
617051141,56.2893426,43.8492391
617051145,56.2874023,43.8536156
617051148,56.287534,43.8535343
617051149,56.2935749,43.8502859
617112605,56.2899769,43.8603392
617112606,56.2900112,43.859931
617112607,56.2889584,43.8519182
617112608,56.2935313,43.8637086
617112609,56.2961211,43.8704248
617112610,56.2947994,43.8721736
617112611,56.2946744,43.8723212
617112612,56.2920726,43.8651141
617112613,56.2916856,43.8646393
617286600,56.3057656,43.8717073
618520079,56.2820955,44.0514184
618520080,56.2816802,44.0516846
618525088,56.2245363,43.8559464
618548480,56.3000546,43.9449255
619211075,56.3180886,43.9507111
619211076,56.3190158,43.952597
619211081,56.3146184,43.9518255
619211082,56.3147817,43.9516858
619733613,56.2533521,43.8526565
626874454,56.2237385,44.0742098
626874455,56.226405,44.0724634
633532037,56.250508,43.8446178
633532038,56.2503518,43.843092
633532047,56.2502922,43.851836
633532048,56.2501909,43.851321
633532090,56.2496827,43.8508587
633532092,56.2498182,43.8522312
639150756,56.3858392,43.7775062
639150757,56.3838708,43.7857572
639150758,56.3839246,43.7864241
639150759,56.3826062,43.7930921
639150760,56.3822905,43.7939034
639150763,56.3876339,43.7694229
639150764,56.3878902,43.7689266
639150765,56.3863276,43.776435
659530874,56.2919569,43.9813615
664860373,56.3238306,44.0393175
664860386,56.3543015,44.0613147
667884454,56.2855831,43.940082
667884455,56.2849827,43.9401818
667884456,56.2896131,43.9408358
667884457,56.2889909,43.9407722
673040523,56.3158168,44.0452548
673040524,56.3158404,44.0454755
673040529,56.3155187,44.0542491
679779387,56.2931472,44.0441998
712465613,56.2633932,43.7438239
712466139,56.2633021,43.743809
712467075,56.2636837,43.7536927
712530527,56.2637988,43.7537418
762075467,56.3673021,43.8058033
762075470,56.3549546,43.8046098
762075471,56.3702022,43.7990205
762075473,56.3423052,43.8115149
763030039,56.3413532,43.8200537
763030040,56.341239,43.8142388
763030043,56.3476084,43.8049058
763030044,56.347362,43.8053906
763030047,56.3673613,43.804466
763030048,56.3417219,43.8129634
763030050,56.3508634,43.8040653
763030053,56.3505394,43.8032745
763030054,56.3699698,43.7988931
763030055,56.3412393,43.8200418
763030056,56.343652,43.8080401
763030059,56.3439861,43.8073521
763030060,56.3544006,43.8038478
763074714,56.3623175,43.8441833
763074757,56.3631672,43.8388533
763074759,56.3625578,43.8443228
763074762,56.3630213,43.8374588
763181006,56.3800844,43.8320633
763181007,56.3802666,43.8120803
763181008,56.3798493,43.8317283
763181009,56.3802664,43.8109961
763181010,56.3705671,43.8423305
763181011,56.3813016,43.8040574
763181013,56.3710647,43.8409622
763181014,56.3738403,43.8360475
763181015,56.3815424,43.8035434
763181018,56.3749998,43.8352613
763181019,56.3660566,43.8475399
763181020,56.3802803,43.8228797
763181021,56.3801709,43.8238167
766490586,56.2914856,44.0753167
767041577,56.3803203,43.8012778
767041578,56.3669926,43.8149186
767041579,56.3775358,43.8051225
767041580,56.380169,43.8010903
767041581,56.3731637,43.8080626
767041582,56.377365,43.8049767
767041583,56.3724044,43.8086401
767808429,56.3156129,44.054567
767808430,56.2715224,43.9929583
767808431,56.2630597,44.0000259
767808432,56.2581911,43.999143
767808433,56.2579808,43.9987994
767808434,56.2822879,43.9932918
767808435,56.3154225,44.054184
767808436,56.2595096,44.0046796
767808437,56.260243,43.9869251
768275142,56.3214044,43.9494215
768278858,56.2260687,43.9413491
768278861,56.2250232,43.9402834
768455054,56.2398742,43.9601902
768559353,56.3457618,43.8904689
768559354,56.3499353,43.9078413
768559355,56.3507522,43.894253
768559356,56.3456665,43.8909358
768559357,56.3501668,43.9078413
768559358,56.3508388,43.8939352
769053294,56.2788054,44.0820944
769053295,56.2671494,44.0934739
769053296,56.279079,44.0814948
769053298,56.2719427,44.0875473
769053299,56.2714273,44.0876704
769128365,56.2457858,43.9814749
769128366,56.2450414,43.9748962
769128368,56.2443131,43.9797334
769128369,56.2387893,43.9999194
769128370,56.2474575,43.995329
769128371,56.2459429,43.9819059
769128373,56.2369057,44.0074244
769128374,56.2460805,43.9681047
769128375,56.2340406,44.0020442
769128376,56.2407593,43.9786764
769128377,56.2379829,44.0060493
769128378,56.2405472,43.9883355
769128379,56.245818,43.9686571
769128380,56.2340723,43.9780909
769128381,56.2450467,43.9741477
769128382,56.2377659,44.0056886
769128384,56.2472888,43.9956731
769128385,56.248687,43.9864445
769128386,56.2384808,44.0005635
769128388,56.2354876,43.9947842
769128390,56.2403242,43.9787716
769128391,56.2463318,44.0072584
769128393,56.2398426,43.991418
769128394,56.2487437,43.9871749
772834810,56.3214742,44.0423688
773469874,56.2628506,43.9092479
773469875,56.2623557,43.9080571
773557144,56.3261102,44.0128684
773557239,56.3257419,44.0127071
774487268,56.2605364,43.8616411
774487269,56.2598358,43.8567267
774500036,56.3198189,44.027093
774545859,56.3259104,44.0071546
774572571,56.3419492,43.9391326
774572572,56.3416641,43.9392588
774734173,56.3235471,44.0570869
774734262,56.3236186,44.0568039
775504311,56.3035058,43.8454414
775504318,56.311916,43.8405684
775504319,56.3033823,43.8451338
775504320,56.3049085,43.8452069
775504321,56.3051754,43.8448653
775504322,56.3132136,43.8629684
775504323,56.2976752,43.8487396
775504324,56.2981945,43.8481278
775504325,56.3077122,43.8409274
775504326,56.3083984,43.841101
775564581,56.2574432,43.8538778
775592769,56.2388747,43.8423466
775592770,56.245893,43.8503519
775592771,56.2530783,43.8521834
775592774,56.2427061,43.8496631
779052555,56.2175212,43.7564823
779052565,56.2069581,43.8064908
779052566,56.2058086,43.796992
779052567,56.2110723,43.8208093
779052568,56.2099161,43.7664247
779052569,56.223442,43.8342871
779052570,56.2239387,43.738705
779052571,56.2140775,43.8258885
779052572,56.2217111,43.8299445
779052573,56.2055029,43.7780751
779052574,56.2266393,43.8397175
779052575,56.2064693,43.7703984
779052576,56.2219,43.8299924
779052579,56.205447,43.7871283
779052580,56.2086854,43.8137432
779052581,56.2234922,43.8346807
779052582,56.2137543,43.7611891
779052583,56.2070856,43.8060818
779052584,56.205712,43.7772091
779052585,56.2177355,43.7566374
779052586,56.2110353,43.7653268
779052588,56.2174215,43.8263887
779052589,56.223428,43.7410884
779052591,56.2059491,43.7963118
779052592,56.2110427,43.8201887
779052593,56.2086639,43.8129264
779052594,56.2266296,43.8400985
779052595,56.2140789,43.7611542
779052596,56.2063577,43.7696597
779052597,56.221639,43.8503103
779052598,56.2055472,43.7856163
779052599,56.2177904,43.8269119
779080809,56.2153445,43.8007763
779080811,56.215568,43.8009237
779080812,56.2191326,43.7916363
779111917,56.2471725,43.8047125
779111954,56.2449594,43.826806
779111955,56.234189,43.8274723
779111957,56.2452099,43.8232742
779111958,56.2403833,43.8274116
779111960,56.2470114,43.8061614
779111962,56.239024,43.8320907
779111963,56.2460673,43.8182721
779111964,56.2446037,43.8282238
779111965,56.2340718,43.8273705
779111966,56.2392874,43.8318447
779111969,56.245083,43.8270294
779111970,56.2402613,43.8272157
779111971,56.2466966,43.807805
781126699,56.3021981,43.9388453
781126701,56.3069837,43.9360895
781126703,56.3023902,43.9392024
781167726,56.2492535,43.8583222
781167728,56.2486363,43.8659142
781167729,56.2490737,43.8575364
781167733,56.2470473,43.8392796
781398823,56.2714198,43.9314898
781399052,56.2678087,43.9263456
781399063,56.2678212,43.9258822
781545350,56.2878119,43.924117
783708895,56.3096955,44.0917919
783708900,56.3058978,44.0969074
783708905,56.3101286,44.0916149
783708907,56.3059147,44.0965105
783708910,56.3305612,44.0230501
783708914,56.3298089,44.0259545
783966029,56.2002424,43.8059788
784031378,56.2371936,43.8395975
786664261,56.3357927,43.9421235
786719207,56.2553295,43.771323
786719212,56.2550119,43.7726411
786719217,56.2641011,43.7640862
786719220,56.2640905,43.7600808
786719225,56.2482125,43.7963394
786719228,56.2641739,43.7642366
786719230,56.2483974,43.7965237
786719231,56.2642012,43.7594149
787074148,56.3374793,43.8024064
787074156,56.341367,43.8127594
787074164,56.3348818,43.7973728
787074174,56.3350116,43.7971158
787074183,56.3376945,43.8023202
787074191,56.3268037,43.7740123
787074199,56.3269507,43.7737765
787096608,56.2486725,43.9166962
787096823,56.2652419,43.9422394
787096826,56.2651855,43.9419331
787096828,56.2554167,43.926698
787096830,56.2530386,43.9221752
787096833,56.2606461,43.9352274
787096836,56.2574284,43.9304537
787096839,56.253573,43.9227717
787096842,56.2620276,43.9376213
787096845,56.2484262,43.9150764
787096848,56.2574596,43.9310317
787096851,56.2554402,43.9272828
787131939,56.3035089,43.8843448
787131942,56.3033151,43.8844414
787131944,56.3020652,43.8795486
787131946,56.3023061,43.879757
789337334,56.2990003,43.9118814
789337335,56.299099,43.9119858
789337336,56.3107989,43.9478342
789337337,56.3009694,43.9119022
789337338,56.3109219,43.9482624
789337339,56.3009716,43.9121029
789337340,56.2945998,43.9110508
789337341,56.3083339,44.0438931
789337342,56.2946745,43.9113698
789379071,56.3117433,43.8258769
789379073,56.3099088,43.7709414
789379078,56.3095422,43.7686339
789379083,56.3112593,43.8129603
789379084,56.3093583,43.7552402
789379088,56.3110707,43.8016587
789379092,56.3114743,43.8124981
789379093,56.3091085,43.7577791
789379097,56.3120371,43.8328505
789379098,56.3108444,43.8019918
789379101,56.3122694,43.8327519
789379105,56.3120029,43.8261979
789482201,56.2787418,43.9951485
789482204,56.2744544,44.0046898
789482206,56.2751594,43.9977629
789482208,56.2787181,43.9947883
789482210,56.2743623,44.0046509
789482212,56.2752099,43.9979723
789505760,56.2456245,44.0074708
793915360,56.3311782,43.8364731
793915361,56.3314759,43.8365452
793915362,56.3230793,43.9443336
793929679,56.3161607,43.900051
793929681,56.3198589,43.9057968
793929683,56.3199728,43.9067623
793929685,56.3162249,43.9006715
793984706,56.2411557,43.8968238
793984793,56.2410766,43.897037
793984795,56.2376806,43.8867814
793984797,56.243587,43.9026574
793984798,56.2377181,43.887336
793984799,56.2433129,43.9025869
793984800,56.235441,43.8759888
794046427,56.2568589,43.8683169
794084400,56.2861754,43.847024
794084407,56.2899117,43.8543955
794084413,56.2916595,43.8587914
794146136,56.3021154,44.0467764
794146137,56.2968329,44.0511416
794146138,56.2970029,44.0512578
794146139,56.3023752,44.0467283
794185934,56.3250487,44.0222108
794185939,56.3239756,44.0274998
794185942,56.3251957,44.0223167
794185944,56.3240437,44.0278956
794185947,56.3254059,44.0127768
795679280,56.3343223,43.873396
795679281,56.3520498,43.8510176
795679282,56.33554,43.8461393
795679284,56.3307474,43.9317206
795679286,56.3343732,43.910912
795679287,56.3380809,43.841255
795679288,56.3237685,43.9461192
795679290,56.3524519,43.8519836
795679292,56.3332514,43.8938442
795679293,56.3309626,43.9311012
795679294,56.353586,43.862291
795679295,56.3528751,43.858517
795679296,56.3299791,43.8535122
795679297,56.3299142,43.8532708
795679298,56.3239559,43.9445285
795679299,56.3309373,43.8998198
795679300,56.3497126,43.8657846
795679301,56.3433306,43.8367303
795679302,56.3323495,43.8514729
795679305,56.3324945,43.9037142
795679306,56.3467564,43.837961
795679308,56.3309921,43.8998902
795679309,56.3334342,43.8722909
795679311,56.3370959,43.8770437
795679313,56.335083,43.9169824
795679315,56.3499441,43.8656495
795679317,56.3496239,43.8436632
795679320,56.3325826,43.8509722
795679322,56.3337686,43.8674681
795679325,56.3340088,43.9239819
795679327,56.3449799,43.8724261
795679330,56.3320708,43.9027431
795679331,56.3467856,43.8378343
795679333,56.3373127,43.8420429
795679335,56.3281182,43.9380598
795679336,56.3378377,43.8835249
795679337,56.3351824,43.9167
795679339,56.3488409,43.8429553
795679340,56.3402851,43.8394325
795679341,56.3337166,43.8665603
795679342,56.3359251,43.8869252
795679343,56.33414,43.924073
795679344,56.3531382,43.8593208
795679345,56.3281352,43.9382324
795679346,56.3534845,43.8634843
795679348,56.3406565,43.8389646
795679350,56.3359815,43.8869825
795679352,56.3437041,43.836167
795679353,56.3356038,43.8461416
795679354,56.3368328,43.8765545
795679355,56.3344578,43.9111086
795700628,56.3064611,43.9369539
795700634,56.315648,43.9868407
795700638,56.3238109,44.0072873
795700651,56.3218878,44.0009586
795700657,56.3190051,43.9459831
795700663,56.3009029,43.9405252
795700668,56.3214997,43.9901502
795700711,56.3199342,43.9460029
795700715,56.3089625,43.983131
795700724,56.3156153,43.9870706
795700729,56.316968,43.9418124
795700733,56.3008233,43.9404782
795700737,56.3212481,43.99024
795700741,56.3065932,43.9794686
795700744,56.324453,43.993844
795700752,56.309091,43.9835923
795700757,56.3066752,43.9363316
795700759,56.3247625,43.9933833
795700763,56.315914,43.9408429
795700768,56.313081,43.985666
795700776,56.3219979,44.0009116
795700781,56.3064772,43.9796992
795700789,56.3127786,43.9852066
795727214,56.3242398,44.0065791
795781696,56.2650719,43.921705
795781700,56.2964762,43.9429687
795781705,56.2708101,43.9306026
795781709,56.2960665,43.9429642
795781713,56.2920294,43.9420596
795781715,56.2678258,43.9261669
795781717,56.2710893,43.9308827
795781718,56.2771416,43.9349741
795781720,56.2653094,43.9209041
795781721,56.292318,43.9424057
795781722,56.2678554,43.9260248
796694908,56.2826939,43.9931931
796694909,56.29094,43.995966
796694911,56.2747014,43.9822255
796694912,56.3060483,43.9873372
796694916,56.2666151,43.975377
796694917,56.2983355,43.9917564
796694918,56.2846856,43.9940736
796694919,56.2761066,43.9890813
796694920,56.2791838,43.9909851
796694922,56.3038479,43.9890256
796694923,56.2563089,43.9718984
796694924,56.297902,43.9922227
796694926,56.2902031,43.9955465
796694927,56.2614516,43.9739411
796694929,56.2759659,43.989423
796694930,56.2715087,43.9766317
796694932,56.2748448,43.982774
796694933,56.3046103,43.9896642
796694935,56.2566229,43.9717691
796746688,56.2389042,43.8618779
796746690,56.2286098,43.8420884
796746691,56.2486073,43.87986
796746692,56.2775474,43.9018812
796746693,56.2662536,43.9103542
796746695,56.2320307,43.8471278
796746696,56.2140868,43.8253223
796746697,56.2527553,43.8904376
796746698,56.2812439,43.8972492
796746699,56.271744,43.9090708
796746700,56.20577,43.7787424
796746703,56.2072175,43.8062224
796746704,56.2056401,43.7863041
796746705,56.2571508,43.9019814
796746706,56.2087894,43.813077
796746707,56.2390414,43.8619605
796746708,56.2624187,43.9079047
796746710,56.2060927,43.7961232
796746711,56.2667211,43.9113948
796746712,56.2145488,43.8256463
796746713,56.2111689,43.8201399
796746715,56.2423891,43.8647139
796746716,56.257876,43.9021742
796746717,56.2441172,43.8690752
796746720,56.2757413,43.9040066
796746721,56.2757846,43.9041149
796746722,56.2220007,43.8299292
796746723,56.2258263,43.8378467
796746725,56.2485266,43.8799465
796746726,56.2780849,43.9010312
796746727,56.2424796,43.8646135
796746730,56.2577512,43.9021595
796746732,56.2809096,43.896604
796746733,56.244251,43.8690217
796746734,56.2057124,43.7784281
796746736,56.2233466,43.8338195
796746737,56.2461938,43.8742129
796746738,56.2057066,43.7866598
796746739,56.2258025,43.8375742
796762839,56.2504471,43.8434953
796762840,56.2448762,43.8264713
796762841,56.24673,43.8396298
796762842,56.2439277,43.837342
796762847,56.248551,43.8654527
796762848,56.2445689,43.8309669
796762850,56.2505299,43.8435175
796762852,56.2449938,43.826427
796762853,56.2468731,43.8398427
796762855,56.2472621,43.8744432
796762857,56.2484314,43.8650541
796762858,56.2444864,43.8307293
796786817,56.2894008,43.9046465
796786822,56.307501,43.9210944
796786825,56.2981656,43.9166092
796786827,56.2851062,43.8937896
796786830,56.3135853,43.9348918
796786832,56.2949232,43.9149142
796786835,56.2894241,43.9041374
796786837,56.2851499,43.8937274
796786839,56.3010955,43.9187197
796786841,56.2948583,43.9147234
796786843,56.3093204,43.9259757
796786845,56.3012305,43.918606
796786847,56.3053413,43.9192541
796786849,56.2883792,43.910612
796786851,56.3094005,43.9260417
796786853,56.3120318,43.930291
796786855,56.2927148,43.91378
796786857,56.2875578,43.8990755
796786860,56.2882769,43.9106394
796786861,56.2828584,43.89474
796786862,56.3116999,43.9301494
796786863,56.2923406,43.9136741
796786864,56.2873118,43.8986665
796786865,56.3053366,43.9190243
796786866,56.3075108,43.921291
796786867,56.2975649,43.916517
796786868,56.3135316,43.9347671
796786869,56.2834487,43.8949751
796819076,56.2600505,43.8458122
796819293,56.2652955,43.8544941
796819299,56.2551665,43.8420236
796819307,56.2631727,43.8473625
796819311,56.2657232,43.8558189
796819314,56.2598192,43.8459069
796819322,56.2548804,43.8421564
796819326,56.2635278,43.8476452
796867126,56.3050195,44.022247
796867129,56.3025747,44.0416168
796867134,56.3021148,44.0268791
796867135,56.3000383,44.0306784
796867136,56.3084846,43.9826534
796867138,56.3142573,44.0131732
796867140,56.3098204,44.0172152
796867142,56.3013236,44.0361877
796867144,56.3022368,44.0269123
796867146,56.3122825,44.0149922
796867148,56.3143707,44.0134974
796867149,56.3093935,44.0178818
796867152,56.3119741,44.0156564
796867154,56.3001194,44.0291067
796867156,56.3003313,44.029824
796867158,56.3051912,44.0224218
796867163,56.3087704,43.9823928
796942832,56.3071684,43.9877753
797802214,56.3265713,44.0148375
797802216,56.3266158,44.0137006
797802217,56.3229368,44.0325131
797802219,56.3229262,44.0333373
798874392,56.2999474,44.0110839
798874606,56.3000007,44.0114141
800657152,56.2442214,43.9797102
800658574,56.2341486,44.0020699
827343052,56.3320037,44.0048584
827343056,56.3317572,44.0066047
828108231,56.2626326,43.7311551
835257889,56.3298824,43.9950896
835257898,56.3284966,43.9882472
835257901,56.3263766,43.9810074
835257903,56.3296527,43.9945287
835257904,56.3280874,43.9874122
835257906,56.326276,43.9810122
914816313,56.2922552,44.0087321
914816314,56.2929816,44.0139938
914816315,56.2948573,44.0258069
914816316,56.294485,44.0251982
914816319,56.2915115,44.0032937
914816322,56.2932142,44.013743
914816327,56.2918808,44.004266
914816332,56.2943284,44.0221016
914816335,56.2939872,44.0213059
921432009,56.2525424,43.7992195
934012707,56.3026702,44.0427702
944529499,56.3023724,44.0465469
946032451,56.2036006,43.9680713
946887840,56.2909002,43.9958448
954684963,56.1871094,43.9234582
980576738,56.2899672,43.9956432
988668206,56.3321927,43.9343695
988668207,56.3326836,43.9339643
1000603309,56.1867873,44.0374834
1000603315,56.1867621,44.0235814
1000603318,56.1803151,44.0192824
1000603332,56.1747802,44.0967473
1000603335,56.1754537,44.0824571
1012121781,56.3695272,43.8119713
1012121789,56.3694755,43.8124138
1012285394,56.2931657,44.0443842
1051658718,56.3119224,43.8262206
1137510969,56.3230507,44.010373
1145395769,56.302406,44.046798
1152765671,56.3269039,43.7738018
1175453321,56.2641392,43.7600838
1183257882,56.3089433,43.8696959
1188045878,56.3181936,44.0769998
1188839661,56.2991586,43.8758915
1188839727,56.2753706,43.9050283
1209460081,56.3424077,43.8115916
1209460254,56.3412559,43.8126176
1230678474,56.2364345,44.0987637
1230678492,56.2364328,44.098989
1231804041,56.3058825,43.9821443
1235618165,56.2435374,43.8425023
1239569654,56.3282201,44.0078168
1240758418,56.358929,43.8571292
1244092469,56.208687,44.1055729
1244092472,56.2086258,44.1060827
1244651436,56.3002139,44.0606745
1244651438,56.294742,44.0737867
1244651447,56.2937366,44.0681612
1244651451,56.2990224,44.0765953
1244651454,56.291475,44.0751398
1244651456,56.2848356,44.0733967
1244651457,56.2956408,44.0769033
1244651463,56.2997396,44.0676828
1244651466,56.293187,44.0681647
1244651470,56.2869264,44.0766859
1244651474,56.2988775,44.0778226
1244651477,56.2947629,44.0717526
1244651478,56.2906848,44.0752508
1244651486,56.2951316,44.0765019
1244651488,56.2852584,44.0682027
1244651491,56.2996917,44.0685049
1244651493,56.2911835,44.0736163
1244651497,56.2860506,44.0771568
1244651499,56.2979418,44.0790852
1244651502,56.2975055,44.0678893
1244651505,56.3003065,44.0599195
1244656030,56.2718454,44.0874211
1244656044,56.2237311,44.0741718
1253599557,56.2217429,43.940963
1286606644,56.2482996,43.7964074
1332070927,56.3037982,43.9817255
1332070928,56.3040964,43.9806697
1345724358,56.2848369,44.0699441
1410061629,56.3263071,43.8676576
1420487770,56.2668682,43.797326
1423987293,56.3600547,43.7970881
1423987298,56.3511148,43.8355529
1423987300,56.3451607,43.8398805
1423987302,56.3554115,43.8304375
1423987304,56.3619572,43.8100453
1423987305,56.3454924,43.8395848
1423987306,56.3560167,43.8298078
1423987308,56.3634888,43.8172441
1423987310,56.3534047,43.8328234
1423987311,56.3637754,43.8153749
1423987314,56.3594634,43.8236314
1423987316,56.3642183,43.8171333
1423987318,56.3585478,43.8053864
1423987319,56.3538662,43.8322717
1423987320,56.359445,43.8055525
1423987324,56.3599117,43.8228917
1423987326,56.36163,43.8090574
1423987327,56.351289,43.8353347
1425069678,56.2983917,43.983921
1425069679,56.3141715,43.8835357
1425069681,56.3038165,43.9152822
1425069682,56.3144266,43.8897802
1425069683,56.2968963,43.9400535
1425069685,56.3178686,43.8678471
1425069687,56.3096922,43.9002746
1425069689,56.2994215,43.9842273
1425069690,56.3141106,43.8822183
1425069691,56.3055503,43.9810591
1425069693,56.2991925,43.9255234
1425069694,56.2962325,43.9323289
1425069696,56.3262487,43.8682938
1425069697,56.3038056,43.9846089
1425069698,56.3236596,43.8661125
1425069699,56.2994298,43.9437578
1425069700,56.332886,43.8573487
1425069703,56.3177328,43.8678812
1425069704,56.3306414,43.8668729
1425069705,56.3137529,43.8733744
1425069706,56.3233917,43.8661827
1425069713,56.3059556,43.9820625
1425069714,56.3363412,43.8474507
1425069715,56.2979547,43.9457152
1425069718,56.332455,43.8591943
1425069720,56.3144632,43.8908149
1425069721,56.3043701,43.9844115
1425069725,56.3137879,43.8743295
1425076778,56.2784988,43.9795308
1425076782,56.2815691,43.980651
1425076790,56.2916823,43.9817477
1425076793,56.2663863,43.9749053
1425076796,56.2720386,43.9764288
1425076799,56.2957897,43.9835362
1425076806,56.2915924,43.9835509
1425076810,56.2853953,43.9809983
1425076813,56.2908845,43.9817894
1425076816,56.2861426,43.981289
1425076826,56.2713565,43.9761338
1425076829,56.281786,43.9804711
1425076832,56.2916474,43.9841061
1425076835,56.2669815,43.9752312
1425076840,56.2777579,43.9789384
1425076845,56.2956327,43.9832857
1425091416,56.2537933,43.9696588
1425091419,56.2618653,43.9738137
1425091420,56.2543456,43.9697558
1425091421,56.2560357,43.9708447
1425091422,56.2614451,43.974764
1425093727,56.2361754,43.9543017
1425093730,56.2249842,43.9404368
1425093734,56.2492499,43.9674119
1425093736,56.2400149,43.9609191
1425093738,56.2450656,43.9654195
1425093740,56.2370438,43.9559253
1425093742,56.2491498,43.9671669
1425093744,56.230591,43.9457998
1425093752,56.239828,43.960292
1425093755,56.2337396,43.9508329
1425093758,56.2459543,43.9655785
1425093761,56.2331184,43.9496013
1425093764,56.2403277,43.9617187
1425093766,56.2261043,43.9412218
1425915238,56.324001,43.9499746
1426893639,56.3701437,43.8239009
1426893640,56.369675,43.8268915
1426893641,56.3664262,43.8234823
1426893643,56.3693524,43.8270616
1426893645,56.3662747,43.8229858
1426916350,56.3625275,43.8579559
1426916351,56.3659782,43.8474382
1426916352,56.3604257,43.8628279
1426916354,56.3449082,43.8728405
1426916355,56.3637521,43.8535987
1426916356,56.3609643,43.8621028
1426916357,56.3661338,43.8466452
1426916358,56.3547052,43.8662173
1426916360,56.3638762,43.8532227
1426916362,56.3493765,43.8681069
1426916363,56.3686291,43.8368876
1426916364,56.3616818,43.8615212
1426916365,56.365904,43.8475952
1426916366,56.3470851,43.870275
1426916367,56.3562444,43.8654215
1426916368,56.3626702,43.8573762
1426916369,56.3496656,43.8680309
1426916370,56.3684436,43.8355848
1426916371,56.3571215,43.8648773
1426924714,56.3412212,43.8786928
1426924715,56.3414801,43.8782957
1426924716,56.3373428,43.8846174
1426924717,56.3379182,43.8837453
1430640016,56.3098199,43.9003791
1430640017,56.2981367,43.9269527
1430640059,56.3035652,43.9164555
1432519231,56.3303259,43.9017863
1432519232,56.3256164,43.9124509
1432519233,56.3333385,43.8940746
1432519234,56.3204828,43.9266763
1432519235,56.3232164,43.9187177
1432519236,56.3300188,43.9024874
1432519238,56.3203912,43.9273003
1432519239,56.333685,43.8931757
1432526081,56.3211188,43.9364978
1432526085,56.3233035,43.9458639
1432526094,56.3213046,43.9374528
1432554830,56.3286876,43.964685
1432562873,56.327674,43.9827209
1432562874,56.3273551,43.9819484
1432564764,56.3308835,43.9947223
1432564765,56.3291867,43.9880902
1432564766,56.3306408,43.9932163
1432564767,56.3289776,43.9864884
1432575078,56.326471,44.0063949
1432582295,56.3281638,44.0165412
1432582296,56.3255122,44.026637
1432582297,56.3284198,44.0153867
1432593366,56.3243838,44.030996
1432593368,56.3245109,44.0305052
1433205053,56.3251594,43.8680928
1433281862,56.3212909,44.0422093
1433281864,56.3221263,44.0368468
1433281866,56.3180889,44.0628561
1433281867,56.3209737,44.0467306
1433281872,56.3161522,44.0703931
1433281873,56.3207859,44.0481758
1433290371,56.2995367,44.0801978
1433290373,56.3094594,44.0763821
1433290377,56.3111152,44.0742645
1433290380,56.2845613,44.0772248
1433290387,56.3106833,44.0748185
1433290389,56.3068625,44.0794539
1433290394,56.3012726,44.0803615
1433451518,56.3652409,43.8316714
1433451519,56.3657183,43.8310765
1433451522,56.3656578,43.8320362
1438536106,56.3140885,43.9773904
1453590617,56.3878319,43.7688866
1453590624,56.3888326,43.7631241
1453590632,56.3877238,43.7694693
1453603293,56.3823676,43.7939426
1453603296,56.3862764,43.7763785
1453603297,56.3839575,43.7858383
1453603306,56.3859141,43.7775693
1453603307,56.3825374,43.7930328
1453603308,56.3838422,43.7863749
1453608987,56.3802503,43.8238008
1453608993,56.3749834,43.835176
1453608994,56.3799134,43.8319527
1453608995,56.3803349,43.8110416
1453608998,56.3705043,43.8422602
1453608999,56.3813875,43.804078
1453609000,56.3802029,43.8229136
1453609002,56.380187,43.8120388
1453609003,56.3800422,43.8318401
1453609004,56.3711269,43.8410329
1453609005,56.3814449,43.8035174
1453612574,56.3136327,43.9461673
1453612576,56.3164139,43.9456914
1453612577,56.321994,43.9477038
1453612578,56.3167332,43.9471145
1455772932,56.3315814,43.9175355
1455772933,56.3308604,43.9171308
1455772934,56.3385413,43.9239786
1455772935,56.3365366,43.9204501
1455772936,56.3361922,43.9277661
1455772937,56.3401687,43.9236412
1455772938,56.3368938,43.9206441
1455772939,56.3368238,43.9268729
1455772940,56.3258086,43.9139445
1455806021,56.3314992,43.9394203
1455806022,56.3335172,43.9311612
1455806023,56.3339396,43.9308683
1455806024,56.3122331,43.9768943
1455806025,56.3305336,43.9440617
1455806026,56.3307544,43.9436835
1455806028,56.3273951,43.9512682
1455806029,56.3312557,43.9399576
1455813706,56.3157862,43.9845467
1455813707,56.3158439,43.9934222
1455813708,56.3142853,43.9905726
1455813709,56.3124517,43.9859731
1455813710,56.3148971,43.991308
1455813711,56.317341,43.9853765
1455852837,56.3251917,43.9787588
1456638207,56.3697222,43.821671
1456638208,56.3695427,43.8212743
1456638209,56.367508,43.8157666
1456638210,56.3673919,43.815425
1456642447,56.3625044,43.8441192
1456642449,56.3580592,43.8530546
1456642452,56.357885,43.8522838
1456642455,56.3630419,43.8387789
1456642458,56.3595782,43.8486301
1456642461,56.3598793,43.8481275
1456642463,56.3590236,43.8574698
1456642466,56.3631039,43.8374581
1456642470,56.3623639,43.8443311
1457605166,56.326804,43.8778697
1457605170,56.3367772,43.8822588
1457605177,56.3309815,43.8796237
1457605179,56.3243786,43.881508
1457611964,56.3316283,43.884585
1457611965,56.3351209,43.8860095
1457647512,56.2833437,44.0417383
1457647514,56.2911534,44.0428797
1457647515,56.2925163,44.0093723
1457647516,56.2941546,44.0221827
1457647517,56.2918018,44.0357199
1457647519,56.2822035,44.0528161
1457647520,56.2931778,44.0150355
1457647521,56.2924272,44.0095439
1457647523,56.2824015,44.0529363
1457647524,56.2832115,44.0459619
1457647525,56.2964128,44.0338571
1457647526,56.2946538,44.0249482
1457647527,56.2914885,44.0018795
1457647528,56.2901389,44.0487983
1457647529,56.2941309,44.0211377
1457647530,56.2957884,44.0332166
1457647531,56.2946948,44.0260995
1457647532,56.2907058,43.9945745
1457647533,56.2917511,44.004598
1457647534,56.2953926,44.0370798
1457647536,56.2901919,43.9954302
1457647537,56.290946,43.9907351
1457647538,56.2832924,44.037202
1457647539,56.2829232,44.0475961
1457647541,56.2879558,44.0359543
1457647542,56.2910789,43.9904265
1457647543,56.2833271,44.0404891
1457647544,56.2908359,43.9979028
1457647545,56.2901441,44.0510769
1457647546,56.2832938,44.0374081
1461068733,56.3383929,43.8429293
1461068735,56.3313054,43.8415858
1461068736,56.3293036,43.8533868
1461068737,56.3389171,43.8442144
1461068746,56.3313934,43.8411737
1461068749,56.32973,43.854142
1461068751,56.3358782,43.8398568
1461068754,56.3297648,43.8489328
1461068760,56.3313091,43.8600522
1461068765,56.3298498,43.8485114
1461068768,56.3314919,43.8607494
1461086127,56.3150405,43.9047874
1461086128,56.3163875,43.912186
1461086129,56.3162194,43.9112934
1461086130,56.3151097,43.9053279
1470729497,56.3018563,43.9404002
1490161963,56.2179313,43.8404349
1498266670,56.3191477,43.9266216
1498266671,56.3176719,43.9189204
1498266675,56.3192128,43.9269798
1498895596,56.3439671,43.8381612
1507103198,56.3083483,43.9895555
1507103199,56.3182564,44.0146206
1507103201,56.3073141,43.9853682
1507103203,56.3082128,43.9890366
1507103204,56.3129664,44.0068877
1507103205,56.3103417,43.999071
1507103207,56.3210613,44.012614
1507103210,56.3127484,44.0063459
1507103211,56.3179268,44.0147996
1507127847,56.3181715,44.0235713
1507127849,56.3224823,44.0339553
1507127851,56.3180623,44.0227099
1507127852,56.3188254,44.0257032
1507127853,56.319212,44.0277908
1507127854,56.316217,44.0165141
1547105400,56.2320704,43.8460724
1547105402,56.2333088,43.8450978
1584168183,56.2218041,43.8298567
1584168211,56.2773143,43.8843656
1618357730,56.33499,43.7972268
1618399856,56.30698,43.9364001
1622766308,56.2264644,44.0725429
1622777706,56.3091073,43.9834331
1623669181,56.2264496,44.0724332
1623691209,56.2210129,44.0762604
1623691215,56.2213732,44.0756645
1623691231,56.2284862,44.0734201
1623691232,56.2297519,44.0727266
1623691437,56.2222406,44.0820576
1631882581,56.321524,44.0423489
1631882637,56.3215674,44.0415916
1631882652,56.3215668,44.0418837
1631882656,56.3215871,44.0415177
1631882660,56.3216067,44.0414438
1631882663,56.3216264,44.0413699
1631882668,56.3216461,44.0412961
1631882672,56.3216284,44.0416786
1631882697,56.3216657,44.0412222
1631882699,56.3216461,44.0416078
1631882701,56.3216854,44.0411483
1631882704,56.3216639,44.041537
1631882717,56.3216816,44.0414661
1631882743,56.3216994,44.0413953
1631882747,56.3217172,44.0413245
1631882751,56.3217349,44.0412536
1654622629,56.1660142,43.8725289
1664405784,56.3221,43.9452735
1674433817,56.3023117,44.0802997
1674481308,56.3058572,44.0967773
1674738443,56.2942014,44.1092856
1674923909,56.2021804,44.119714
1674923913,56.2024037,44.1191928
1674923918,56.2052299,44.091179
1674923919,56.2055864,44.0916474
1674924626,56.2218611,44.1022981
1674924627,56.2219274,44.102441
1674924646,56.222047,44.102607
1674924658,56.2241527,44.0971254
1674924660,56.2242441,44.097218
1674924661,56.2244378,44.0960612
1674924712,56.2358569,44.099184
1674924791,56.2553818,44.0967465
1674924798,56.2555283,44.0971358
1674924816,56.2656234,44.094151
1675723408,56.24752,44.0999598
1675723410,56.2475276,44.1001729
1675723440,56.2478115,44.1001293
1675723442,56.2478281,44.1002897
1680403606,56.3486871,43.853251
1691954866,56.2908427,44.0528079
1691955067,56.2992851,44.0326682
1694613449,56.3084835,44.0439147
1699937734,56.3417865,43.9391996
1699991674,56.3359737,43.9415071
1700804982,56.2826974,43.9933462
1700808362,56.3405851,43.8081121
1700808369,56.3405711,43.8074867
1701242108,56.2631933,44.0111692
1703250460,56.2992686,44.0063946
1709817696,56.2075903,43.9863529
1709817707,56.2078137,43.9858865
1709817748,56.2122715,44.0215382
1709817750,56.2127622,44.0246498
1709817761,56.2129027,43.9684105
1709817772,56.2215512,44.0623382
1709817791,56.2217691,44.0615899
1709819540,56.2348105,44.0450655
1709819544,56.2351802,44.045113
1709819545,56.2356374,44.0245561
1710029164,56.2151739,43.9598221
1710029166,56.215234,43.9611543
1710029202,56.2181971,43.9395253
1711871588,56.3241542,43.9580459
1711871604,56.324392,43.9586921
1713159862,56.3022341,43.8798144
1718069745,56.373671,43.8113162
1739371171,56.2901181,44.0446727
1757320835,56.2989077,43.9853968
1762319037,56.2362847,44.016712
1763992909,56.2396706,43.8437724
1765948564,56.3259731,44.0248858
1771640989,56.2436184,43.842572
1772730023,56.2958359,44.0315385
1772730026,56.2961814,44.0316823
1780725734,56.257675,43.9985898
1781473567,56.3273583,43.8828785
1781473568,56.3273686,43.8827864
1789075347,56.3155207,44.0545685
1795583856,56.182244,43.7977863
1797532437,56.2978985,43.9919792
1807819198,56.2033805,43.8622703
1807819301,56.2090644,43.8860855
1807819329,56.209336,43.8861375
1807819378,56.2120374,43.8939887
1807819459,56.2137233,43.902435
1807819513,56.2140017,43.9028527
1807819669,56.2152435,43.9209811
1807987331,56.1825431,43.9160103
1807987572,56.1871168,43.9226921
1808147650,56.1725451,43.9152432
1808147653,56.1728995,43.9157357
1808148116,56.2119636,43.8940263
1823094394,56.3377396,43.953175
1824519959,56.3210642,43.9470109
1824520086,56.320504,43.926726
1824808420,56.2701205,43.8852832
1825424466,56.2429925,43.849122
1825424488,56.2460191,43.8506643
1825424582,56.2630052,43.8475907
1825466732,56.2058907,43.7969678
1825466751,56.2072001,43.8062661
1825466846,56.2302235,43.8212511
1825762130,56.3162995,44.0058911
1826441623,56.3330689,43.9537693
1826441651,56.3326392,43.952329
1829882666,56.2920761,44.0357549
1829882667,56.2874445,44.0361705
1830867300,56.2577468,43.8547903
1830961133,56.2279197,43.8294429
1832310864,56.2373995,43.8383637
1833213253,56.2234858,43.8342112
1834287643,56.3156465,43.8976647
1835634721,56.2370264,43.8573527
1835634725,56.2371799,43.8574305
1847286274,56.2751814,43.997862
1847286275,56.2743903,44.0046677
1847286276,56.2786959,43.9949667
1850411387,56.223416,43.8343266
1854927767,56.302625,44.0467809
1864482008,56.3001419,44.0299104
1867771834,56.2898678,43.9047905
1872569261,56.2889888,43.9189349
1876535363,56.2920033,43.916155
1911263457,56.2662971,43.8616454
1911263458,56.2662018,43.8612997
1922062515,56.2566597,43.631431
1922176235,56.331883,44.0049679
1922176240,56.3318678,44.0066612
1987688675,56.3212102,43.9423928
1987688677,56.3213029,43.9422602
1987688678,56.3213148,43.9416616
1987688680,56.3213383,43.9422147
1987688681,56.3213993,43.9415456
1987688683,56.3214311,43.9420952
1990743766,56.2983392,43.9918312
1997063929,56.3138829,43.9940283
1999866234,56.3152485,44.001373
1999866236,56.3162053,44.0059891
1999866237,56.3163485,44.0057507
2008324646,56.2955296,43.8772663
2010596577,56.2895978,43.9409431
2010596638,56.2896965,43.9312643
2010596806,56.2899277,43.9316398
2010598237,56.2920194,43.942147
2010598285,56.2923341,43.9423009
2010598354,56.2939113,43.9344159
2010598386,56.2941373,43.9347819
2010598417,56.2960711,43.9428785
2011119392,56.3376434,43.9530321
2011119394,56.3384614,43.9530708
2012502195,56.2849833,43.9400809
2012502325,56.2855818,43.9401572
2018624597,56.292963,43.9524471
2018624764,56.2932222,43.9524115
2018941804,56.3208957,43.9471734
2018941805,56.3209596,43.9471218
2018941812,56.2419978,43.8580044
2018941817,56.2475761,43.8769077
2018941823,56.2528008,43.8902344
2018941828,56.2573109,43.9018801
2018941836,56.2663865,43.9134805
2018941843,56.2764317,43.9214687
2018941848,56.2851128,43.9279474
2018941855,56.299058,43.9382388
2018941860,56.3105839,43.9372901
2018941879,56.3261116,43.9111362
2018941890,56.3332463,43.8948166
2020266730,56.3091459,43.9445708
2040785209,56.2830799,43.9523689
2044065964,56.3049064,43.984561
2044065965,56.3049163,43.9844034
2044065967,56.3117344,43.9886951
2044065969,56.3123021,43.9893502
2044065970,56.3153802,44.0012829
2044065972,56.313628,43.9924851
2044165259,56.3258821,44.0070907
2044165268,56.3276628,44.0075108
2044165275,56.3277014,44.0073296
2044370175,56.3230782,43.94643
2044370181,56.3477073,43.8467072
2044370185,56.3479689,43.8472136
2044370209,56.3492387,43.8642954
2044370214,56.3492624,43.8647671
2044370215,56.3486228,43.8520053
2044370217,56.3451494,43.8418303
2044370221,56.3455725,43.8425656
2046230710,56.278779,44.0819322
2046230711,56.2791425,44.0816936
2046357748,56.3097683,44.0919175
2046357753,56.3100982,44.0914995
2046357756,56.3059772,44.0966312
2046357760,56.3182553,44.0770745
2046357764,56.3183372,44.0771694
2046357769,56.3235007,43.9754011
2046522935,56.3412815,43.8142272
2046522936,56.3358586,43.7975366
2046522937,56.3440472,43.8384569
2046522938,56.3412917,43.8254762
2046522939,56.3412956,43.8260415
2046522940,56.326834,43.7738793
2046522942,56.3424546,43.8325559
2046522944,56.3426381,43.8332347
2046971638,56.3046611,43.942394
2046971640,56.3053825,43.9429205
2046971641,56.3110287,43.9451433
2046971642,56.3110966,43.9451636
2046971645,56.2531019,43.9220848
2046971648,56.2534872,43.9229095
2046971649,56.2573402,43.9306341
2046971651,56.2575215,43.930891
2046971652,56.2999967,43.9448821
2046971653,56.3435728,43.9305541
2046971654,56.2553319,43.9267962
2046971655,56.2555024,43.9271506
2046971657,56.3397816,43.9324851
2046971658,56.3403946,43.9310346
2046971659,56.3448816,43.926719
2046971660,56.3450937,43.9257171
2046971661,56.3023293,43.940703
2046971662,56.2965472,43.951309
2046971665,56.2852846,43.951647
2046971666,56.2852844,43.9516902
2046971667,56.2788985,43.9518759
2046971668,56.2791855,43.9519812
2046971669,56.2826551,43.9530442
2046971670,56.298394,43.9378823
2046971706,56.2748032,43.9501353
2046971707,56.265286,43.9421367
2046971709,56.2879461,43.9531379
2046971711,56.3086508,43.944415
2046971713,56.2605984,43.9353135
2046971714,56.2620795,43.9375163
2046971718,56.2483516,43.9151597
2046971719,56.2486717,43.9166372
2048063967,56.3416969,43.8128378
2048063968,56.3543606,43.8039965
2048063969,56.3549801,43.8045058
2048063970,56.343613,43.8078945
2048063971,56.3440068,43.8076134
2048063972,56.3473291,43.8052394
2048063973,56.3476289,43.8050267
2048839590,56.3636999,43.7938576
2056185488,56.273166,43.9419916
2056185492,56.2733594,43.9424964
2084860804,56.3140729,43.9945798
2095442047,56.2595367,43.8461333
2102748475,56.3290446,43.9651832
2102754860,56.3700925,43.7989507
2102758549,56.368047,43.7960563
2102773440,56.3322432,43.9344103
2102773441,56.3326306,43.9339175
2104078095,56.3214354,44.04041
2110649093,56.3594143,43.8692929
2112296688,56.263029,43.9999269
2112296689,56.2580402,43.9988998
2112296690,56.2581185,43.9991513
2112296691,56.2592732,44.003643
2112296692,56.2595438,44.0045907
2112296693,56.2705998,43.9935607
2112296694,56.2714874,43.992828
2112296695,56.2603308,43.9869255
2112296696,56.2605701,43.983884
2112296697,56.2751468,43.9897222
2112296698,56.27537,43.9895226
2112296699,56.2597915,43.9904233
2113555938,56.27948,43.991068
2113555939,56.2850163,43.9939589
2113555940,56.2817431,43.9930028
2113555941,56.2822785,43.9931622
2113653613,56.3143799,44.0175573
2113653616,56.315048,44.0169016
2113653620,56.3079716,44.0236753
2113653624,56.3084249,44.0232378
2113653627,56.3034081,44.0285021
2113653637,56.3040755,44.0277612
2113653641,56.310361,44.0213983
2113653645,56.3108349,44.020961
2113653648,56.2992595,44.0325071
2113653652,56.2996434,44.0322973
2115737199,56.2473535,43.9956798
2115737200,56.2473939,43.9952697
2115737201,56.248688,43.9861161
2115737202,56.248755,43.9871009
2115822598,56.2449873,43.9748685
2115822602,56.245084,43.974168
2115822606,56.2457584,43.9816201
2115822616,56.2459636,43.9817316
2115822619,56.2458916,43.9686855
2115822623,56.2459835,43.9680602
2122551149,56.2651601,43.9419839
2123708650,56.2952372,44.0342086
2124061342,56.3146428,43.9517069
2124954969,56.3222371,43.8841275
2124954970,56.3224032,43.8840405
2124958506,56.3158852,43.8974012
2124958507,56.3189185,43.8912032
2124958508,56.3189059,43.8909782
2126155914,56.3234856,44.0570539
2126155918,56.3236933,44.0568587
2126155922,56.2941782,44.1091859
2126155923,56.3214441,44.0657285
2126155926,56.3215047,44.0657681
2126155931,56.321654,44.0651311
2126155934,56.3217345,44.0651948
2126167145,56.3272715,44.0413182
2126167146,56.3273496,44.0413626
2126167147,56.3283458,44.0360042
2126167148,56.3284247,44.0360493
2133550320,56.3158694,43.8691876
2133550321,56.3265231,43.8754061
2133550322,56.326579,43.8760939
2133550323,56.3203137,43.8691224
2133550324,56.320416,43.8695169
2133597507,56.3773946,43.8050727
2133597508,56.3774881,43.8049679
2133597509,56.3802202,43.8011773
2133605698,56.3694329,43.8123035
2133605699,56.3695772,43.8121359
2133605700,56.3670218,43.8150001
2133605701,56.3673565,43.814629
2133605702,56.3724509,43.8087405
2133605703,56.3731273,43.8079685
2133609136,56.3179057,43.920138
2145165145,56.3214749,43.9493764
2150162273,56.2153632,43.800934
2150162274,56.2155535,43.8008281
2150167765,56.2070159,43.8062243
2150167768,56.2070542,43.8064371
2150167771,56.2087666,43.8136788
2150187188,56.2109585,43.8201651
2150187189,56.2111109,43.8205829
2150190621,56.2136727,43.8262916
2150200808,56.2180226,43.8403441
2150200812,56.2159291,43.833577
2150200817,56.2160608,43.8340021
2150200820,56.2180792,43.8405221
2150200832,56.2191689,43.84392
2150231891,56.2213184,43.8492282
2150231892,56.2216865,43.8501699
2150232672,56.2239701,43.8559597
2150232673,56.2242839,43.8567635
2150242073,56.2279548,43.8661648
2150242074,56.2284523,43.867439
2150242075,56.2263164,43.8619687
2150242077,56.2267615,43.8631085
2150257011,56.229836,43.870983
2150257012,56.2301954,43.8719034
2150257013,56.23105,43.8740925
2150257014,56.2319739,43.8748232
2150258072,56.2365562,43.8690517
2150258073,56.2367934,43.8687528
2150258074,56.233139,43.8733558
2150279912,56.242641,43.8634545
2150279913,56.2431999,43.8636163
2150279914,56.2401267,43.8645539
2150279915,56.2481155,43.8650598
2150279916,56.2488764,43.8652782
2150279917,56.2446069,43.8640236
2150279918,56.245293,43.8642497
2150279919,56.2558133,43.8672694
2150279920,56.2569383,43.8677553
2150279921,56.2515405,43.8660429
2150279922,56.2522457,43.8662453
2150291923,56.2587273,43.871693
2150291924,56.2591833,43.8728759
2150301925,56.261069,43.8777524
2150301926,56.2613506,43.8784662
2150301927,56.2633276,43.8835381
2150301928,56.2634309,43.883803
2150313370,56.268879,43.8890889
2150313378,56.2695832,43.888198
2150313382,56.2661888,43.8908702
2150313389,56.2662974,43.8911494
2150313394,56.2671531,43.8912849
2150313398,56.2670012,43.8773213
2150313402,56.2699405,43.8848283
2150313414,56.2684695,43.8811008
2150313416,56.2685783,43.8813817
2150330136,56.2582405,43.8497632
2150330137,56.2582574,43.8495614
2151126740,56.3124838,43.839954
2160988029,56.3124886,43.9364956
2164210799,56.2935262,43.8503366
2167822100,56.2929354,43.848442
2172223367,56.2058603,43.7963417
2186111435,56.303453,43.8843618
2187128875,56.3075426,43.9212394
2193781707,56.3147665,43.9517837
2194720648,56.3378197,43.8834793
2194728607,56.3413253,43.8782129
2194764363,56.3332212,43.8940518
2195356364,56.3229943,43.9443593
2195630872,56.3270852,44.006124
2196959624,56.3176846,44.0235203
2209843352,56.3157124,44.0028363
2231633650,56.2837918,43.926862
2231633655,56.2840207,43.9279855
2231633660,56.2843827,43.9263926
2231633662,56.2856008,43.9283851
2231672766,56.2811599,43.9248775
2231672770,56.2813587,43.9252291
2231672773,56.2758233,43.9209111
2231672775,56.2775188,43.9223815
2231675677,56.2712518,43.917493
2231675679,56.2722664,43.9184493
2231709167,56.2579851,43.9330707
2231709174,56.258818,43.9318299
2231709180,56.2647813,43.9204004
2231709184,56.2648687,43.9205457
2231709187,56.2614417,43.9269769
2231709190,56.2615627,43.9264505
2231850746,56.313321,43.8629497
2231850751,56.3133963,43.8623374
2231850754,56.3131485,43.8585943
2231850756,56.3131849,43.8572495
2231874407,56.3119141,43.8406858
2231874412,56.3124837,43.8414308
2231874417,56.3128416,43.8506458
2231874422,56.3129005,43.8502499
2231899782,56.3077076,43.8410669
2231899787,56.3083903,43.840989
2231899791,56.3052456,43.8449458
2231902862,56.303383,43.845307
2231902863,56.3035021,43.8452962
2231902864,56.2982093,43.8482187
2231902865,56.297663,43.848649
2231906928,56.2898697,43.8544411
2231906933,56.2889188,43.8519713
2231906938,56.2893874,43.8493479
2231906942,56.2897883,43.8488571
2231909236,56.2874535,43.8535498
2231909240,56.2874797,43.8536176
2231932648,56.2899482,43.8600134
2231932649,56.2900478,43.8602643
2231932650,56.2917239,43.8645887
2231932651,56.2919828,43.8652473
2231934292,56.2947136,43.872265
2231935589,56.2934595,43.8637832
2231935590,56.296086,43.8704634
2231942602,56.3083562,43.8701801
2231942606,56.3047433,43.8718313
2231942612,56.3057331,43.8715127
2231942617,56.3016645,43.8737578
2231942623,56.3017142,43.8739396
2244886039,56.3265497,44.0082944
2246094767,56.3672664,43.804366
2247809126,56.3022814,44.041024
2247809129,56.3012137,44.0362642
2259937156,56.2256103,43.8280826
2259937158,56.2269214,43.8248021
2259937163,56.2271993,43.824492
2259937166,56.230886,43.8323968
2259937170,56.2277482,43.8292711
2259937174,56.2309655,43.8205003
2259937178,56.2327126,43.8368331
2259937182,56.2330588,43.8353598
2259937186,56.2297474,43.8312658
2259950177,56.2458806,43.8504613
2259950182,56.2466229,43.8506758
2259950186,56.2390008,43.8424594
2259950188,56.2633203,43.8480433
2259950189,56.2648206,43.8528394
2259950193,56.2651582,43.8547025
2259950196,56.2358244,43.8371043
2259950197,56.2648963,43.8587109
2259950200,56.2649636,43.8584693
2259950209,56.2501568,43.8514776
2259950213,56.250299,43.8516783
2259950215,56.256728,43.8533593
2259950216,56.2574411,43.8537218
2259950217,56.2624232,43.8623712
2259950218,56.262853,43.8618223
2259950219,56.2530578,43.8523148
2259950220,56.2533598,43.8525538
2259950221,56.2427177,43.8495124
2259950222,56.2578744,43.868071
2259950223,56.2595879,43.8659644
2259950224,56.259069,43.8459898
2261370306,56.2621836,43.8974663
2261370317,56.2624678,43.8973014
2261370322,56.2635819,43.9029613
2261370328,56.2638154,43.9030884
2261370331,56.2642823,43.8948334
2261370336,56.2644295,43.8948401
2261370341,56.2663871,43.910051
2261370347,56.2667322,43.9109594
2261370352,56.2715085,43.9097821
2261370359,56.2718644,43.9096008
2261370366,56.2760742,43.9043494
2261370372,56.2776314,43.9020913
2261370376,56.2784794,43.9012827
2261370383,56.2821138,43.8960015
2261370392,56.2826878,43.8948186
2261370397,56.2853378,43.889871
2261370403,56.2863028,43.889411
2261370407,56.2928258,43.8838522
2261370413,56.2928813,43.8835393
2262580989,56.228224,43.8440028
2262580990,56.2283692,43.8438477
2262580991,56.2302232,43.8491532
2262580992,56.2307957,43.8500814
2262580993,56.2332028,43.8568159
2262580994,56.2332318,43.8563538
2262580995,56.2352253,43.8620174
2262580996,56.2354763,43.8621332
2262580997,56.2370368,43.8666432
2262580998,56.2373207,43.8668038
2262580999,56.2439687,43.8689851
2262581000,56.243695,43.8682932
2262581001,56.2460212,43.8743332
2262581002,56.2468687,43.8764978
2262581003,56.2486622,43.8804433
2262581004,56.248955,43.8818227
2262581005,56.2523205,43.8898184
2262581006,56.2521335,43.8899587
2262581008,56.2576643,43.9027401
2262581009,56.2623383,43.90825
2262581010,56.2628845,43.9091485
2262581011,56.2655084,43.9122282
2262581012,56.2660722,43.9131332
2262695671,56.3197481,44.0271081
2262695672,56.257773,43.8545426
2267463272,56.229676,43.723438
2267463286,56.2300662,43.7232078
2268044921,56.2819988,44.0513496
2268044922,56.3374075,43.9380928
2268044923,56.3376961,43.9374045
2268044924,56.3357404,43.9420543
2268044927,56.3325753,43.9525308
2268044928,56.3330947,43.9536641
2268124045,56.3381524,43.9509416
2268124049,56.3382683,43.9509976
2276782285,56.2063599,43.7705619
2276782286,56.2064265,43.7696777
2276782287,56.2054741,43.785621
2276782288,56.2055277,43.7871211
2276782289,56.2099591,43.7665398
2276782290,56.2109627,43.7651693
2276806082,56.2175516,43.7566355
2276806083,56.2177034,43.756487
2276806084,56.2137951,43.7613008
2276806085,56.2140188,43.7609952
2285522448,56.2469066,43.8061465
2285522450,56.2440829,43.8372648
2285522451,56.2446044,43.8313504
2285522452,56.2450158,43.8270114
2285522453,56.245033,43.8268238
2285539179,56.2465224,43.8498889
2285539180,56.248214,43.8311223
2285539181,56.2476564,43.8373085
2285539182,56.2469549,43.8450913
2285544495,56.2452613,43.8602852
2285544501,56.2454688,43.8579748
2285554733,56.2448391,43.8649857
2285554737,56.2446406,43.8671962
2285679861,56.3064288,43.936711
2285679862,56.3022276,43.9390841
2285679863,56.30237,43.939005
2285679865,56.3169067,43.9419533
2286678294,56.2599241,43.8572114
2286678295,56.2529794,43.8548243
2286678296,56.2603064,43.8607538
2286678297,56.26062,43.8615517
2293515079,56.281423,43.9310378
2293515085,56.2825598,43.9301405
2293515089,56.2736853,43.937248
2293515095,56.2739432,43.9370412
2293515099,56.2771545,43.934479
2293515103,56.2775639,43.9341581
2293584469,56.2244739,43.855817
2294535945,56.2332526,43.8447785
2294535946,56.2372854,43.8396924
2294647128,56.2390246,43.8319611
2294647131,56.2392774,43.8320362
2294647132,56.2445922,43.8283617
2294657807,56.2471461,43.8392994
2294657808,56.2503671,43.844573
2294657809,56.2504287,43.8431002
2294659256,56.2496837,43.8521908
2294659257,56.2498011,43.850883
2294659258,56.2491369,43.8582861
2294659259,56.2492025,43.857555
2301642574,56.2174696,43.9344645
2301642575,56.2173853,43.9339387
2302285647,56.2218596,43.8300369
2302285648,56.2140864,43.8256823
2302285649,56.21739,43.8264773
2302285650,56.2178128,43.8266649
2302285651,56.2235564,43.8345445
2302297471,56.296111,44.0501672
2302297472,56.2971073,44.0353054
2302297473,56.2972855,44.0378926
2302297474,56.3021972,44.0467865
2302297475,56.2969091,44.0511479
2302297476,56.2970286,44.05105
2302297477,56.2976792,44.0431592
2304998784,56.2265806,43.8396976
2304998786,56.2266781,43.8399529
2308068311,56.2641041,43.7594182
2308068312,56.2549557,43.7725651
2308068313,56.255404,43.7714471
2308068314,56.262531,43.7324777
2308068315,56.262692,43.7324489
2308068316,56.2641325,43.7641709
2308068323,56.2637364,43.7537325
2308068324,56.2633286,43.7438119
2312892688,56.3018196,44.0816481
2315654115,56.2021478,44.1195725
2315654116,56.2024389,44.1193262
2315654117,56.2046958,44.115609
2315654118,56.2047268,44.1155928
2315654119,56.204817,44.1157909
2315654120,56.20857,44.1059919
2315654121,56.2087348,44.1056341
2315654122,56.2153302,44.1056505
2315654123,56.2358589,44.098957
2315654203,56.2553835,44.0969487
2315654204,56.2555232,44.0969271
2315654205,56.2656471,44.0942994
2324135070,56.3038512,43.9817391
2324135071,56.3040033,43.9805804
2325388431,56.3105934,44.0379675
2325388432,56.3131453,44.0279061
2325388433,56.3132449,44.0278093
2325394518,56.3107518,43.9479363
2325394519,56.3109455,43.9481294
2325394520,56.2852331,43.9226963
2325394521,56.2930201,43.9104993
2325394522,56.2889492,43.9189107
2325394523,56.3009694,43.911997
2325394524,56.2863294,43.9177308
2325394525,56.2872632,43.9137656
2325394526,56.2896916,43.9156843
2325394527,56.2945906,43.9112584
2325394528,56.2946813,43.9112734
2325394529,56.2989983,43.9119519
2325394530,56.2990976,43.9119429
2325394531,56.2877513,43.9240727
2330485879,56.298428,43.9978812
2330485880,56.298443,43.9981157
2330485881,56.2993078,44.0066179
2330485882,56.3000564,44.0113799
2330485883,56.298849,43.9853852
2330485884,56.2984453,43.9913058
2332111703,56.2720549,43.9381328
2332111704,56.2720745,43.9382055
2333041983,56.3109125,43.8019706
2333041990,56.3109858,43.8016661
2333041994,56.309225,43.7577116
2333041999,56.3092529,43.7552232
2333042002,56.3096298,43.7685973
2333042005,56.3098342,43.7709373
2333069922,56.2743629,43.8882445
2333095026,56.3113403,43.812949
2333095027,56.3113939,43.8124958
2333095028,56.3121177,43.8328192
2333095029,56.3121865,43.8327568
2333095030,56.3118306,43.8258736
2333564491,56.2340673,43.9781771
2334302358,56.2435562,43.9668246
2334302359,56.2399176,43.9914549
2334302360,56.2405003,43.9883154
2334302361,56.2355263,43.9948179
2334302362,56.238711,43.9998638
2334302363,56.2369333,44.0073216
2334302364,56.2425354,43.9740019
2334302365,56.2379008,44.006008
2334302366,56.2403458,43.9786312
2334302367,56.2407251,43.9788276
2334302368,56.2414419,43.9813944
2334302369,56.2416458,43.9807143
2336546845,56.2449363,43.8264881
2336546846,56.2449431,43.8264105
2336682786,56.3429851,43.9307023
2336694991,56.2137106,43.8264137
2336741315,56.2180747,43.8265487
2336741316,56.2183801,43.8266999
2336741346,56.2141268,43.8254161
2336741347,56.2145544,43.8255447
2336889932,56.2862111,43.8471001
2337738068,56.321938,44.0007485
2337738069,56.3219726,44.0009214
2337738070,56.3086437,43.9823446
2337738071,56.3089455,43.9832854
2337738072,56.3212578,43.99017
2337738073,56.3214902,43.9902169
2337738074,56.3143115,44.0133149
2337738075,56.3098612,44.0174095
2337738076,56.3021304,44.026942
2337738077,56.3022167,44.0268474
2337738078,56.3051299,44.0224099
2337738079,56.3051194,44.022308
2337738080,56.3025937,44.0467635
2337738104,56.3023675,44.0409702
2337738105,56.3025196,44.0416584
2337738106,56.3119286,44.0155084
2337738107,56.3123212,44.015134
2337738108,56.3127581,43.9853367
2337738109,56.3130935,43.9855852
2337738110,56.3247044,43.9933284
2337738111,56.3156243,43.9869821
2337738113,56.3012913,44.036204
2337743232,56.3265825,44.0137652
2337743233,56.3266446,44.0149032
2337743235,56.323973,44.0278534
2337743236,56.3240147,44.0275261
2337743237,56.3237945,44.0072186
2337743241,56.3251257,44.022274
2337745024,56.3219509,44.0377511
2337745025,56.322848,44.0332931
2337745026,56.3229873,44.0325513
2337829527,56.2677765,43.9257879
2337829528,56.2678247,43.9262966
2337829529,56.3219144,43.9475086
2337829530,56.271392,43.9315283
2337829531,56.2714051,43.9187433
2337905508,56.3177925,44.0234176
2337905509,56.3178969,44.0227024
2337905510,56.3179578,44.0226555
2337905519,56.3188299,44.0264326
2337905520,56.3189206,44.026402
2338703920,56.2923439,44.0086966
2338703921,56.2915999,44.003266
2338703922,56.2918204,44.0043016
2338703923,56.2941316,43.9944369
2338703924,56.2943401,43.9943554
2338703925,56.2961776,44.0316435
2338703926,56.2930198,44.0130411
2338703927,56.293076,44.0137852
2338703928,56.293064,44.0139519
2338703929,56.3038495,43.9891045
2338703930,56.3046248,43.9895484
2338703952,56.3071687,43.9877433
2338703953,56.2945959,44.0251426
2338703954,56.2947244,44.0258674
2338703955,56.3060434,43.987423
2338703956,56.2899692,43.9956078
2338703957,56.2901967,43.9956707
2338703958,56.2940634,44.0212827
2338730095,56.2666219,43.9753098
2338730098,56.2822899,43.9932365
2338730099,56.2614617,43.9738979
2338730100,56.2563161,43.9718429
2338730101,56.2566045,43.9717057
2338730102,56.2792442,43.9909
2338730103,56.2794858,43.9912157
2338730104,56.2850241,43.9941117
2338730105,56.2759754,43.9892729
2338730106,56.2760805,43.9893031
2338730107,56.2720239,43.9766563
2338730125,56.2747175,43.982734
2338730126,56.2747604,43.9822399
2339855311,56.3190209,43.9459859
2339855312,56.3198383,43.9459782
2339855313,56.3237998,43.9461138
2339855314,56.3239742,43.9445758
2339855315,56.3125359,43.9364382
2339855316,56.3135726,43.9348515
2339855317,56.3159751,43.9406886
2339855318,56.3212776,43.9464341
2339914805,56.3067018,43.9365254
2339914809,56.2988284,43.9461518
2339914817,56.3008497,43.9404848
2340454231,56.3351571,43.9167096
2340454232,56.33516,43.9169728
2340454233,56.3307216,43.9316583
2340454234,56.331021,43.9312499
2340454235,56.3324637,43.9037359
2340454236,56.3309623,43.8998666
2340454237,56.3281176,43.9382028
2340454238,56.3281579,43.9381109
2340454239,56.3341115,43.9240487
2340474324,56.3378854,43.8874113
2340474325,56.3332891,43.8938796
2340474326,56.335956,43.8869401
2347694637,56.2064513,43.7714086
2347694642,56.206557,43.7703674
2347694645,56.2086211,43.8130658
2347694648,56.208748,43.812852
2347694651,56.2087969,43.8130489
2347694654,56.211123,43.8201187
2347694658,56.2112213,43.8204189
2347694661,56.2055777,43.7780864
2347694665,56.2057403,43.7787379
2347694668,56.2057565,43.7784289
2347694674,56.2060411,43.7961286
2347694677,56.2056738,43.7863009
2347694680,56.2056856,43.7866597
2347694683,56.2071465,43.8058872
2348257927,56.3316677,43.8609461
2348257928,56.3317147,43.8609046
2348257934,56.3299549,43.8534029
2349494097,56.3488729,43.8428817
2349494199,56.3355763,43.8461384
2349494202,56.3433158,43.8366657
2349494205,56.3437395,43.8362943
2349494208,56.3402709,43.8393674
2349494212,56.3406703,43.8390122
2349494214,56.3372967,43.8419716
2349494215,56.3380895,43.8413076
2349494216,56.3467696,43.8378892
2349494218,56.3323262,43.8513679
2349494222,56.3326253,43.851124
2349494225,56.3353174,43.8486343
2349608512,56.3450379,43.8726838
2349608515,56.3534549,43.8633336
2349608518,56.353614,43.8622767
2349608522,56.3529567,43.8584728
2349608526,56.3531093,43.8593404
2349608529,56.3411162,43.8785371
2349608540,56.3490818,43.8681992
2349608546,56.3492692,43.8680015
2349608550,56.3494587,43.8680346
2349608554,56.3497099,43.865765
2349608559,56.349941,43.8656774
2349608562,56.3386188,43.8826674
2349608612,56.3521302,43.8509377
2349608616,56.3523406,43.8519947
2349732599,56.3668473,43.8288516
2349770147,56.3826979,43.7614632
2349770149,56.3787017,43.7859383
2351107229,56.2219631,43.8299606
2351269913,56.2646289,43.7570704
2351269914,56.2789464,43.8345357
2351269915,56.2862321,43.8532944
2351269917,56.2672419,43.7968348
2351665222,56.2319117,43.8472053
2351665224,56.2286422,43.8420207
2351665225,56.2293448,43.8430681
2351665226,56.2389246,43.8618566
2351665227,56.2389926,43.8620252
2351665239,56.2233295,43.8338777
2351665240,56.2235077,43.8341592
2351665241,56.2355117,43.8532599
2351665242,56.2257791,43.8376204
2351665243,56.225867,43.8377578
2351665244,56.2370342,43.8572417
2351665245,56.23712,43.8574354
2351687176,56.246125,43.8742027
2351687180,56.2472115,43.8744003
2351687183,56.2476429,43.8727736
2351687187,56.2485596,43.8799079
2351687191,56.2441304,43.8690574
2351687194,56.2524344,43.8898622
2351687198,56.2526865,43.8905088
2351754704,56.2571646,43.9019396
2351754705,56.2577882,43.9021008
2351754706,56.2578393,43.9022241
2351754707,56.2663128,43.910281
2351754708,56.266624,43.9114673
2351779909,56.2757634,43.9040672
2351779914,56.2714553,43.909522
2351779918,56.2717683,43.9091265
2351795230,56.2812325,43.8972008
2351795231,56.2775277,43.9018207
2351795232,56.278113,43.9010912
2351795233,56.2948456,43.9148005
2351795234,56.294937,43.914856
2351795235,56.2800247,43.8986729
2351795236,56.2801124,43.8985619
2351795237,56.2873291,43.898639
2351795238,56.287539,43.8991037
2351795239,56.2893481,43.9046079
2351795240,56.2894615,43.9041621
2351795251,56.2851342,43.8937547
2351795252,56.2882908,43.910594
2351795253,56.2883664,43.9106527
2351795254,56.2923533,43.9136233
2351795255,56.2927005,43.913869
2352608255,56.3093364,43.9259541
2352608256,56.3093793,43.9260666
2352608257,56.3120242,43.9303469
2353293640,56.2845405,44.0771086
2357861532,56.2892395,44.0533452
2357861540,56.2958066,44.0317278
2357861548,56.3000697,44.0305866
2357861554,56.3001226,44.029158
2359497067,56.3296839,43.9945134
2361479386,56.2848366,44.0718444
2380247008,56.3339134,43.8528987
2380247013,56.3339991,43.8529527
2400216530,56.2438752,43.9667435
2400225261,56.3500395,43.9078432
2400225262,56.3508054,43.8940466
2400225263,56.3456954,43.89068
2400294333,56.325471,44.0128589
2400294334,56.326076,44.0129308
2400314930,56.3197074,43.9061338
2400314937,56.3200312,43.906643
2400314943,56.339857,43.9254149
2400314950,56.340115,43.9264988
2400314957,56.3312243,43.836473
2400314967,56.3314549,43.8365457
2400318605,56.3160639,43.9002117
2400318617,56.3162657,43.9005418
2401147405,56.3304705,43.9134206
2401283797,56.3319061,43.9472522
2401283798,56.3320661,43.9474718
2403407651,56.2355553,43.8758518
2403407652,56.2357153,43.8762551
2403407653,56.2376168,43.886822
2403407654,56.2377688,43.8872805
2403407657,56.2434115,43.9024417
2403407658,56.2435277,43.902739
2403414480,56.2915898,43.8588501
2403464686,56.3064734,43.9796222
2403464691,56.3241691,44.0065825
2403563352,56.3281797,43.9873225
2403563353,56.3283998,43.9882882
2403563354,56.3262996,43.9809718
2403563355,56.3263323,43.9810606
2403563356,56.3297676,43.9951131
2403600115,56.280744,43.9378493
2403600116,56.2810995,43.9381131
2403600117,56.2769745,43.9350593
2403600118,56.2771078,43.9351579
2403600119,56.2650856,43.9216651
2403600120,56.2708284,43.9305582
2403600121,56.2710694,43.9309047
2403600122,56.2678323,43.9261298
2403807063,56.3334714,43.8722962
2403807064,56.3343055,43.8734724
2403807065,56.344991,43.8725113
2403807066,56.3343933,43.9109033
2403807067,56.3344318,43.9111278
2403807068,56.3368802,43.8764887
2403807069,56.3370532,43.8770798
2403807070,56.3338037,43.8674678
2407738554,56.2631955,43.8472964
2407738559,56.2634801,43.8477355
2407738563,56.2598164,43.8458153
2407738567,56.2600436,43.8458669
2407738570,56.2653355,43.8544555
2407738574,56.2656478,43.8559047
2407742770,56.2548888,43.8420569
2407742771,56.2551601,43.8421309
2407742772,56.2504901,43.8435633
2407742773,56.2505146,43.8434996
2407742774,56.2484948,43.8654369
2407742775,56.2485273,43.8650815
2407778204,56.2467193,43.8397328
2407778208,56.2468795,43.8397772
2407778211,56.2439615,43.8373471
2407778214,56.2439702,43.8372445
2407778215,56.2445291,43.8309514
2407778216,56.2445485,43.8307447
2407779429,56.2504615,43.8434983
2407811343,56.3011109,43.9186243
2407811344,56.3012163,43.918687
2407811345,56.3052988,43.9190569
2407811346,56.3074887,43.9211021
2407811347,56.2978776,43.916642
2407811348,56.2981441,43.9168038
2537591875,56.2327085,44.0641557
2537591878,56.2323446,44.0647431
2663220743,56.2628353,43.7362456
2663220744,56.2628927,43.7362372
2663220745,56.2629587,43.73647
2663220827,56.2629084,43.7364773
2807846144,56.3596383,43.7918276
2840362223,56.2187462,43.8624666
2840362224,56.2188191,43.862393
2840362243,56.2165321,43.8581664
2840362244,56.2165694,43.858283
2840460805,56.3053568,44.0800744
2840460806,56.2594553,43.9303433
2966879575,56.2242621,43.9520377
3100598950,56.1795216,43.7843748
3100598952,56.1796028,43.784673
3100599141,56.2031813,43.8618707
3100599142,56.2033103,43.862336
3100599143,56.2066774,43.8772596
3100599144,56.2067761,43.8777266
3100599145,56.215125,43.920978
3100599146,56.2151362,43.92136
3278151653,56.2173332,43.9340827
3278151654,56.2175208,43.9343214
3279090113,56.215135,43.9611257
3279090114,56.2152674,43.9598503
3279094771,56.2117162,43.9715454
3279094773,56.2117923,43.9716252
3279094786,56.2126983,43.9685154
3279094787,56.2127498,43.9685823
3279094790,56.212847,43.9683353
3289017545,56.2076602,43.9863721
3289017546,56.207721,43.9858537
3289017547,56.2211197,44.0762656
3289017548,56.221253,44.0756427
3289017549,56.2121799,44.0215995
3289017550,56.2128792,44.0245626
3289017551,56.2216452,44.0623355
3289017552,56.2216713,44.0615714
3291341368,56.1883293,44.1162637
3291341372,56.2157271,44.1052395
3295439892,56.2118151,43.8933681
3295439893,56.1822177,43.7975047
3295439894,56.2091534,43.885974
3295439895,56.2092683,43.8862158
3295439896,56.2137955,43.9023788
3295439897,56.213919,43.90292
3296658182,56.175612,43.7684846
3296658183,56.1757016,43.7683836
3296658184,56.1757041,43.7691312
3296658185,56.1758249,43.7689318
3311180131,56.2024711,44.0319735
3526500447,56.2027725,44.0979821
3721641117,56.2612313,44.0195117
3721641118,56.2613147,44.018912
3721641119,56.2669646,44.0238065
3721641120,56.2659815,44.0233491
3802571672,56.2998535,44.1037049
3802571677,56.3025238,44.1006183
3890312496,56.2975677,44.0419511
3890312497,56.2975912,44.0419452
3978112961,56.2632292,44.0110412
4143230494,56.2570763,43.9847637
4143230495,56.2569479,43.9852307
4161149996,56.2157517,44.1052903
4439289265,56.3369806,43.9553938
4466465695,56.1877891,43.9892201
4466465696,56.1770002,43.994605
4498982106,56.2967498,44.0457879
4544495024,56.2873483,43.9293337
4544495025,56.2873185,43.9294636
4723580284,56.236464,43.8409558
4735830839,56.2371289,43.8379107
4915196531,56.298351,43.94427
4915196532,56.2992034,43.9447204
4915222423,56.2987938,43.9461633
4915222424,56.299218,43.944782
4915222425,56.298331,43.9442053
4920844631,56.2226645,43.9506152
5062679307,56.1746953,44.0954973
5126267016,56.2204919,43.86097
5126267019,56.2205324,43.8610566
5126267020,56.2210818,43.8605254
5126268921,56.2210462,43.8604054
5141279450,56.2906354,44.0750542
5168850176,56.3148891,43.8606565
5172039332,56.2395696,43.8438941
5172039333,56.2353031,43.8371194
5173815537,56.3157498,44.0455225
5173815538,56.3159402,44.0451899
5175119003,56.2223844,43.9404266
5175119004,56.2226046,43.9408134
5175469935,56.3055406,44.0731442
5175469936,56.305507,44.0726774
5175512002,56.3508097,43.8043357
5175537733,56.2570441,43.984758
5175537734,56.2569918,43.9852426
5175537735,56.258012,43.999642
5175537736,56.2577178,43.9985517
5175537737,56.2612088,44.0190243
5175537738,56.2613347,44.0193901
5175537739,56.2659916,44.0236294
5175537740,56.2669598,44.0236423
5175582604,56.3392082,43.9179377
5175582605,56.3390741,43.917852
5175582606,56.339798,43.9151332
5175582607,56.3398502,43.9151672
5175582608,56.3430597,43.8983256
5175582609,56.3431649,43.8984095
5175582610,56.3429854,43.8995942
5175582611,56.3429331,43.8995665
5176763763,56.3618835,43.8101399
5176763764,56.3672485,43.7961558
5176763765,56.3672112,43.7963399
5180743092,56.3485535,43.9075148
5180743093,56.3485813,43.9074546
5182269985,56.2024818,44.0320417
5182296059,56.2474275,43.7479207
5182296060,56.2474144,43.747837
5182296061,56.2471369,43.7478831
5182296062,56.2471556,43.747959
5182458213,56.2154407,43.859691
5182458214,56.2154067,43.8595763
5182458215,56.2152453,43.8610804
5182458216,56.2153122,43.8610107
5182458217,56.2164594,43.8645458
5182458218,56.216545,43.8644326
5182458219,56.2190365,43.8639289
5182458220,56.2189852,43.8638162
5182458625,56.2179329,43.8649964
5182458626,56.2179694,43.8651164
5184735605,56.2035934,43.9682186
5184735608,56.2217925,43.9407152
5184735615,56.1877597,43.9891525
5187124873,56.2661599,43.8613996
5189422245,56.3269839,44.0064964
5189422246,56.3270449,44.0063919
5194610791,56.2965567,44.0466775
5194999575,56.3320028,44.0081272
5194999576,56.3319426,44.008119
5196640206,56.222632,43.9507815
5223626217,56.2561084,43.9721303
5223626218,56.2561759,43.9720123
5223626219,56.2561338,43.9727092
5223626220,56.2560382,43.9726277
5268111802,56.2191248,43.7919283
5268112239,56.2453052,43.8229992
5268112243,56.2467697,43.8077893
5268112244,56.2459855,43.8183448
5273752380,56.2403225,43.8273091
5627149862,56.3353098,43.9495754
5627149863,56.3351982,43.9496176
5650230408,56.2675236,44.0927072
5691584610,56.235525,43.9951542
5764413674,56.276755,44.0326911
5764413675,56.2770679,44.0335435
5764413676,56.2765355,44.0319385
5855395447,56.3075287,43.9843769
6007704314,56.3180189,44.0227417
6007707634,56.3250958,44.0222402
6039919710,56.3127685,44.0063247
6039919719,56.3189465,44.0263876
6039919721,56.3228394,44.0332837
6341319065,56.2184605,43.9391719
6357050283,56.3185523,43.9315286
6357050284,56.3186535,43.931475
6357050585,56.3187546,43.9314052
6357050586,56.3188528,43.9313436
6357050587,56.3189539,43.9312765
6357050588,56.3190744,43.9312336
6357050589,56.3191756,43.9311746
6357050590,56.3193853,43.9310431
6357050591,56.3192752,43.9311048
6514179677,56.2306221,43.9456029
6515491462,56.2908668,43.9978875
6515491471,56.2917782,44.0043199
6515491478,56.2924732,44.0093867
6515567090,56.2942192,44.0221939
6518724815,56.3189329,44.0263921
6518724819,56.3179696,44.0226439
6518724834,56.31276,44.0063335
6518724841,56.3103534,43.9990592
6518725608,56.3103514,43.9989925
6518984998,56.3156322,43.9869299
6614994054,56.2335681,43.8728153
